-- Datos de la tabla comuna.
INSERT INTO public.comuna(
	id, nombre)
	VALUES (1,'Santiago'),
	(2,'Conchalí'),
	(3,'Huechuraba'),
	(4,'Independencia'),
	(5,'Quilicura'),
	(6, 'Recoleta'),
	(7, 'Renca'),
	(8, 'Las Condes'),
	(9, 'Lo Barnechea'),
	(10, 'Providencia'),
	(11, 'Vitacura'),
	(12, 'La Reina'),
	(13, 'Macul'),
	(14, 'Ñuñoa'),
	(15, 'Peñalolén'),
	(16, 'La Florida'),
	(17, 'La Granja'),
	(18, 'El Bosque'),
	(19, 'La Cisterna'),
	(20, 'La Pintana'),
	(21, 'San Ramón'),
	(22, 'Lo Espejo'),
	(23, 'Pedro Aguirre Cerda'),
	(24, 'San Joaquín'),
	(25, 'San Miguel'),
	(26, 'Cerrillos'),
	(27, 'Estación Central'),
	(28, 'Maipú'),
	(29, 'Cerro Navia'),
	(30, 'Lo Prado'),
	(31, 'Pudahuel'),
	(32, 'Quinta Normal');



INSERT INTO public.cliente(
rut, dv, nombre, apellido, genero, "idComuna")
VALUES (75540454, 8, 'Pascal', 'Astorga', 'F', 18),
(16056152, 6, 'Eugenia', 'Méndez', 'M', 18),
(50361454, 7, 'Javiera', 'Ramírez', 'M', 25),
(69017649, 9, 'Mia', 'Aracena', 'F', 25),
(49568286, 5, 'Angélica', 'Valdés', 'M', 14),
(65693586, 3, 'Gustavo', 'Palma', 'M', 3),
(65965052, 4, 'Angie', 'Silva', 'F', 31),
(61779471, 1, 'Patricia', 'Riquelme', 'F', 4),
(98944696, 6, 'Gabriel', 'Moncada', 'M', 23),
(51315881, 0, 'José', 'Figueroa', 'F', 24),
(83222942, 6, 'Daniel', 'Sánchez', 'M', 26),
(16976957, 6, 'Lucía', 'Salazar', 'F', 25),
(69303294, 1, 'Luis', 'Ossandón', 'M', 1),
(74176754, 0, 'Samuel', 'Catalán', 'F', 2),
(20543685, 4, 'Javiera', 'Cortés', 'F', 20),
(33841790, 0, 'Harold', 'Rivera', 'M', 2),
(94505199, 4, 'María', 'Navarrete', 'M', 17),
(25933644, 1, 'Sebastián', 'Jiménez', 'M', 22),
(66912980, 5, 'Ximena', 'Cabello', 'M', 20),
(21728482, 1, 'Michael', 'Bugueño', 'F', 3);



INSERT INTO public.peluqueria(
id, nombre, direccion, numero, "idComuna")
VALUES (1, 'Peluqueria Ana', 'Avenida Pamela Acuña', 690, 9),
(2, 'Peluqueria Victoria', 'Avenida Blanca Muñoz', 9141, 12),
(3, 'Peluqueria María', 'Av. Gabriela Mistral', 66, 20),
(4, 'Peluqueria Ramón', 'Valeria González', 5149, 5),
(5, 'Peluqueria Marcos', 'Av. Los Laureles', 9878, 25),
(6, 'Peluqueria Agustina', 'Caupolicán', 43, 19),
(7, 'Peluqueria Jorge', 'María Allende', 593, 12),
(8, 'Peluqueria Mateo', 'Av. José Mansilla', 34, 8),
(9, 'Peluqueria Adriana', 'Eliodoro Yáñez', 50, 27),
(10, 'Peluqueria Erasmo', 'Calle Los Coihues', 6806, 9),
(11, 'Peluqueria Alejandro', 'Av. Ramón Carnicer', 484, 25),
(12, 'Peluqueria Petronila', 'Jorge Choque', 20, 11),
(13, 'Peluqueria Pablo', 'Vicuña Mackenna', 151, 16),
(14, 'Peluqueria Wilson', 'David Guzmán', 6, 31),
(15, 'Peluqueria Raúl', 'Calle Sofía Hernández', 834, 23),
(16, 'Peluqueria Adriana', 'Fresia Guzmán', 898, 22),
(17, 'Peluqueria José', 'Ramón Carnicer', 9, 1),
(18, 'Peluqueria María', 'Calle Gabriela Mistral', 5332, 24),
(19, 'Peluqueria Carlos', 'Calle Rodrigo Celis', 3023, 15),
(20, 'Peluqueria Claudia', 'Av. Víctor Vejar', 89, 20),
(21, 'Peluqueria Alondra', 'Calle Matta', 3782, 13),
(22, 'Peluqueria María', 'Calle Leonor Venegas', 4689, 32),
(23, 'Peluqueria Priscilla', 'Avda. Jaime Flores', 976, 8),
(24, 'Peluqueria Mario', 'Calle Raúl Burgos', 9021, 27),
(25, 'Peluqueria Monserrat', 'Mariela Silva', 1780, 27);



INSERT INTO public.empleado(
rut, dv, nombre, apellido, "idComuna", "idPeluqueria")
VALUES (51066833, 2, 'Juan', 'Tapia', 30, 11),
(59887549, 0, 'Tomás', 'Zúñiga', 6, 8),
(45840477, 3, 'Denisse', 'Peña', 23, 22),
(77919641, 9, 'Marcela', 'Pavez', 17, 25),
(32720301, 3, 'Benjamín', 'Concha', 7, 5),
(53149956, 8, 'Marcela', 'Muñoz', 25, 24),
(83669714, 9, 'Lidia', 'Jaque', 4, 15),
(65003975, 4, 'Constanza', 'Reyes', 24, 8),
(61055649, 6, 'Elisabeth', 'Ibarra', 27, 8),
(95327701, 6, 'Alonso', 'Albornoz', 25, 8),
(93329295, 3, 'Liliana', 'Rivera', 9, 3),
(59179209, 8, 'Benjamín', 'Cuevas', 7, 13),
(46698991, 4, 'José', 'Martínez', 4, 4),
(92453771, 5, 'Raquel', 'Pérez', 16, 8),
(98930809, 6, 'Michael', 'Alfaro', 15, 1),
(86701362, 6, 'Eduardo', 'Arredondo', 30, 23),
(17056953, 3, 'Diego', 'Paredes', 23, 7),
(59834202, 7, 'Andrea', 'Rojas', 5, 23),
(34170301, 8, 'Enrique', 'Becerra', 6, 1),
(43961838, 0, 'Bryan', 'González', 28, 1);



INSERT INTO public.sueldo(
id, monto, dia, mes, "ano", "idEmpleado")
VALUES (1, 400000, 29, 1, 2020, 51066833),
(2, 350000, 29, 1, 2020, 59887549),
(3, 450000, 29, 1, 2020, 45840477),
(4, 350000, 29, 1, 2020, 77919641),
(5, 500000, 30, 1, 2020, 32720301),
(6, 400000, 30, 1, 2020, 53149956),
(7, 400000, 30, 1, 2020, 83669714),
(8, 350000, 29, 1, 2020, 65003975),
(9, 400000, 30, 1, 2020, 61055649),
(10, 400000, 30, 1, 2020, 95327701),
(11, 400000, 30, 1, 2020, 93329295),
(12, 350000, 29, 1, 2020, 59179209),
(13, 500000, 30, 1, 2020, 46698991),
(14, 450000, 29, 1, 2020, 92453771),
(15, 500000, 29, 1, 2020, 98930809),
(16, 450000, 30, 1, 2020, 86701362),
(17, 350000, 30, 1, 2020, 17056953),
(18, 500000, 30, 1, 2020, 59834202),
(19, 350000, 30, 1, 2020, 34170301),
(20, 500000, 29, 1, 2020, 43961838),
(21, 500000, 30, 2, 2020, 51066833),
(22, 350000, 29, 2, 2020, 59887549),
(23, 400000, 29, 2, 2020, 45840477),
(24, 500000, 30, 2, 2020, 77919641),
(25, 400000, 29, 2, 2020, 32720301),
(26, 350000, 30, 2, 2020, 53149956),
(27, 350000, 30, 2, 2020, 83669714),
(28, 500000, 30, 2, 2020, 65003975),
(29, 400000, 30, 2, 2020, 61055649),
(30, 350000, 29, 2, 2020, 95327701),
(31, 500000, 29, 2, 2020, 93329295),
(32, 500000, 30, 2, 2020, 59179209),
(33, 400000, 29, 2, 2020, 46698991),
(34, 450000, 30, 2, 2020, 92453771),
(35, 350000, 29, 2, 2020, 98930809),
(36, 350000, 30, 2, 2020, 86701362),
(37, 400000, 29, 2, 2020, 17056953),
(38, 400000, 30, 2, 2020, 59834202),
(39, 400000, 30, 2, 2020, 34170301),
(40, 350000, 29, 2, 2020, 43961838),
(41, 500000, 30, 3, 2020, 51066833),
(42, 350000, 30, 3, 2020, 59887549),
(43, 400000, 29, 3, 2020, 45840477),
(44, 400000, 29, 3, 2020, 77919641),
(45, 350000, 30, 3, 2020, 32720301),
(46, 450000, 30, 3, 2020, 53149956),
(47, 450000, 29, 3, 2020, 83669714),
(48, 450000, 29, 3, 2020, 65003975),
(49, 400000, 30, 3, 2020, 61055649),
(50, 500000, 29, 3, 2020, 95327701),
(51, 500000, 29, 3, 2020, 93329295),
(52, 500000, 30, 3, 2020, 59179209),
(53, 350000, 30, 3, 2020, 46698991),
(54, 350000, 30, 3, 2020, 92453771),
(55, 450000, 30, 3, 2020, 98930809),
(56, 400000, 29, 3, 2020, 86701362),
(57, 500000, 30, 3, 2020, 17056953),
(58, 450000, 29, 3, 2020, 59834202),
(59, 450000, 30, 3, 2020, 34170301),
(60, 350000, 29, 3, 2020, 43961838),
(61, 450000, 29, 4, 2020, 51066833),
(62, 350000, 29, 4, 2020, 59887549),
(63, 450000, 29, 4, 2020, 45840477),
(64, 400000, 29, 4, 2020, 77919641),
(65, 450000, 29, 4, 2020, 32720301),
(66, 350000, 29, 4, 2020, 53149956),
(67, 400000, 30, 4, 2020, 83669714),
(68, 350000, 29, 4, 2020, 65003975),
(69, 450000, 30, 4, 2020, 61055649),
(70, 350000, 30, 4, 2020, 95327701),
(71, 400000, 29, 4, 2020, 93329295),
(72, 500000, 30, 4, 2020, 59179209),
(73, 400000, 29, 4, 2020, 46698991),
(74, 450000, 30, 4, 2020, 92453771),
(75, 350000, 29, 4, 2020, 98930809),
(76, 400000, 29, 4, 2020, 86701362),
(77, 350000, 29, 4, 2020, 17056953),
(78, 500000, 30, 4, 2020, 59834202),
(79, 350000, 30, 4, 2020, 34170301),
(80, 500000, 30, 4, 2020, 43961838),
(81, 350000, 29, 5, 2020, 51066833),
(82, 350000, 30, 5, 2020, 59887549),
(83, 450000, 30, 5, 2020, 45840477),
(84, 450000, 29, 5, 2020, 77919641),
(85, 450000, 30, 5, 2020, 32720301),
(86, 450000, 29, 5, 2020, 53149956),
(87, 350000, 29, 5, 2020, 83669714),
(88, 500000, 29, 5, 2020, 65003975),
(89, 500000, 29, 5, 2020, 61055649),
(90, 350000, 29, 5, 2020, 95327701),
(91, 450000, 29, 5, 2020, 93329295),
(92, 350000, 29, 5, 2020, 59179209),
(93, 400000, 30, 5, 2020, 46698991),
(94, 350000, 29, 5, 2020, 92453771),
(95, 400000, 30, 5, 2020, 98930809),
(96, 350000, 29, 5, 2020, 86701362),
(97, 400000, 30, 5, 2020, 17056953),
(98, 500000, 30, 5, 2020, 59834202),
(99, 450000, 29, 5, 2020, 34170301),
(100, 500000, 30, 5, 2020, 43961838),
(101, 450000, 29, 6, 2020, 51066833),
(102, 450000, 29, 6, 2020, 59887549),
(103, 500000, 29, 6, 2020, 45840477),
(104, 500000, 30, 6, 2020, 77919641),
(105, 400000, 30, 6, 2020, 32720301),
(106, 400000, 30, 6, 2020, 53149956),
(107, 400000, 30, 6, 2020, 83669714),
(108, 350000, 29, 6, 2020, 65003975),
(109, 500000, 29, 6, 2020, 61055649),
(110, 450000, 30, 6, 2020, 95327701),
(111, 450000, 29, 6, 2020, 93329295),
(112, 450000, 30, 6, 2020, 59179209),
(113, 400000, 30, 6, 2020, 46698991),
(114, 500000, 30, 6, 2020, 92453771),
(115, 400000, 30, 6, 2020, 98930809),
(116, 400000, 29, 6, 2020, 86701362),
(117, 350000, 29, 6, 2020, 17056953),
(118, 400000, 29, 6, 2020, 59834202),
(119, 500000, 30, 6, 2020, 34170301),
(120, 350000, 30, 6, 2020, 43961838),
(121, 500000, 30, 7, 2020, 51066833),
(122, 500000, 30, 7, 2020, 59887549),
(123, 500000, 29, 7, 2020, 45840477),
(124, 350000, 30, 7, 2020, 77919641),
(125, 350000, 30, 7, 2020, 32720301),
(126, 450000, 30, 7, 2020, 53149956),
(127, 350000, 30, 7, 2020, 83669714),
(128, 400000, 29, 7, 2020, 65003975),
(129, 450000, 29, 7, 2020, 61055649),
(130, 350000, 30, 7, 2020, 95327701),
(131, 400000, 30, 7, 2020, 93329295),
(132, 350000, 29, 7, 2020, 59179209),
(133, 500000, 29, 7, 2020, 46698991),
(134, 500000, 29, 7, 2020, 92453771),
(135, 450000, 30, 7, 2020, 98930809),
(136, 450000, 30, 7, 2020, 86701362),
(137, 500000, 29, 7, 2020, 17056953),
(138, 400000, 29, 7, 2020, 59834202),
(139, 400000, 30, 7, 2020, 34170301),
(140, 500000, 29, 7, 2020, 43961838),
(141, 400000, 30, 8, 2020, 51066833),
(142, 400000, 30, 8, 2020, 59887549),
(143, 500000, 29, 8, 2020, 45840477),
(144, 400000, 29, 8, 2020, 77919641),
(145, 350000, 29, 8, 2020, 32720301),
(146, 400000, 29, 8, 2020, 53149956),
(147, 500000, 29, 8, 2020, 83669714),
(148, 400000, 29, 8, 2020, 65003975),
(149, 500000, 30, 8, 2020, 61055649),
(150, 350000, 30, 8, 2020, 95327701),
(151, 500000, 29, 8, 2020, 93329295),
(152, 350000, 30, 8, 2020, 59179209),
(153, 350000, 29, 8, 2020, 46698991),
(154, 400000, 30, 8, 2020, 92453771),
(155, 400000, 29, 8, 2020, 98930809),
(156, 400000, 29, 8, 2020, 86701362),
(157, 450000, 29, 8, 2020, 17056953),
(158, 500000, 30, 8, 2020, 59834202),
(159, 400000, 30, 8, 2020, 34170301),
(160, 400000, 30, 8, 2020, 43961838),
(161, 500000, 29, 9, 2020, 51066833),
(162, 400000, 30, 9, 2020, 59887549),
(163, 350000, 29, 9, 2020, 45840477),
(164, 450000, 29, 9, 2020, 77919641),
(165, 450000, 30, 9, 2020, 32720301),
(166, 450000, 30, 9, 2020, 53149956),
(167, 500000, 29, 9, 2020, 83669714),
(168, 350000, 30, 9, 2020, 65003975),
(169, 500000, 30, 9, 2020, 61055649),
(170, 350000, 30, 9, 2020, 95327701),
(171, 350000, 29, 9, 2020, 93329295),
(172, 400000, 30, 9, 2020, 59179209),
(173, 400000, 30, 9, 2020, 46698991),
(174, 350000, 29, 9, 2020, 92453771),
(175, 400000, 30, 9, 2020, 98930809),
(176, 350000, 30, 9, 2020, 86701362),
(177, 400000, 30, 9, 2020, 17056953),
(178, 500000, 30, 9, 2020, 59834202),
(179, 350000, 30, 9, 2020, 34170301),
(180, 500000, 29, 9, 2020, 43961838),
(181, 500000, 29, 10, 2020, 51066833),
(182, 450000, 30, 10, 2020, 59887549),
(183, 400000, 30, 10, 2020, 45840477),
(184, 350000, 29, 10, 2020, 77919641),
(185, 400000, 29, 10, 2020, 32720301),
(186, 400000, 29, 10, 2020, 53149956),
(187, 400000, 29, 10, 2020, 83669714),
(188, 350000, 29, 10, 2020, 65003975),
(189, 400000, 29, 10, 2020, 61055649),
(190, 450000, 30, 10, 2020, 95327701),
(191, 500000, 29, 10, 2020, 93329295),
(192, 350000, 30, 10, 2020, 59179209),
(193, 450000, 30, 10, 2020, 46698991),
(194, 500000, 29, 10, 2020, 92453771),
(195, 500000, 29, 10, 2020, 98930809),
(196, 500000, 29, 10, 2020, 86701362),
(197, 400000, 30, 10, 2020, 17056953),
(198, 450000, 30, 10, 2020, 59834202),
(199, 350000, 30, 10, 2020, 34170301),
(200, 450000, 29, 10, 2020, 43961838),
(201, 400000, 29, 11, 2020, 51066833),
(202, 400000, 29, 11, 2020, 59887549),
(203, 500000, 30, 11, 2020, 45840477),
(204, 400000, 30, 11, 2020, 77919641),
(205, 450000, 29, 11, 2020, 32720301),
(206, 450000, 30, 11, 2020, 53149956),
(207, 450000, 29, 11, 2020, 83669714),
(208, 350000, 30, 11, 2020, 65003975),
(209, 350000, 29, 11, 2020, 61055649),
(210, 400000, 29, 11, 2020, 95327701),
(211, 500000, 29, 11, 2020, 93329295),
(212, 450000, 30, 11, 2020, 59179209),
(213, 350000, 30, 11, 2020, 46698991),
(214, 500000, 29, 11, 2020, 92453771),
(215, 350000, 29, 11, 2020, 98930809),
(216, 450000, 30, 11, 2020, 86701362),
(217, 400000, 29, 11, 2020, 17056953),
(218, 450000, 30, 11, 2020, 59834202),
(219, 400000, 29, 11, 2020, 34170301),
(220, 400000, 29, 11, 2020, 43961838),
(221, 400000, 30, 12, 2020, 51066833),
(222, 500000, 30, 12, 2020, 59887549),
(223, 450000, 30, 12, 2020, 45840477),
(224, 500000, 29, 12, 2020, 77919641),
(225, 500000, 30, 12, 2020, 32720301),
(226, 400000, 30, 12, 2020, 53149956),
(227, 350000, 30, 12, 2020, 83669714),
(228, 450000, 29, 12, 2020, 65003975),
(229, 400000, 29, 12, 2020, 61055649),
(230, 500000, 29, 12, 2020, 95327701),
(231, 450000, 30, 12, 2020, 93329295),
(232, 350000, 29, 12, 2020, 59179209),
(233, 450000, 30, 12, 2020, 46698991),
(234, 500000, 30, 12, 2020, 92453771),
(235, 450000, 29, 12, 2020, 98930809),
(236, 400000, 29, 12, 2020, 86701362),
(237, 500000, 30, 12, 2020, 17056953),
(238, 350000, 30, 12, 2020, 59834202),
(239, 500000, 30, 12, 2020, 34170301),
(240, 400000, 30, 12, 2020, 43961838),
(241, 350000, 29, 1, 2021, 51066833),
(242, 500000, 29, 1, 2021, 59887549),
(243, 400000, 29, 1, 2021, 45840477),
(244, 400000, 30, 1, 2021, 77919641),
(245, 500000, 30, 1, 2021, 32720301),
(246, 350000, 29, 1, 2021, 53149956),
(247, 450000, 30, 1, 2021, 83669714),
(248, 350000, 30, 1, 2021, 65003975),
(249, 450000, 30, 1, 2021, 61055649),
(250, 500000, 29, 1, 2021, 95327701),
(251, 500000, 29, 1, 2021, 93329295),
(252, 500000, 29, 1, 2021, 59179209),
(253, 450000, 29, 1, 2021, 46698991),
(254, 400000, 29, 1, 2021, 92453771),
(255, 450000, 30, 1, 2021, 98930809),
(256, 350000, 30, 1, 2021, 86701362),
(257, 500000, 29, 1, 2021, 17056953),
(258, 400000, 29, 1, 2021, 59834202),
(259, 400000, 29, 1, 2021, 34170301),
(260, 350000, 29, 1, 2021, 43961838),
(261, 450000, 30, 2, 2021, 51066833),
(262, 500000, 30, 2, 2021, 59887549),
(263, 350000, 29, 2, 2021, 45840477),
(264, 350000, 29, 2, 2021, 77919641),
(265, 500000, 30, 2, 2021, 32720301),
(266, 350000, 29, 2, 2021, 53149956),
(267, 500000, 30, 2, 2021, 83669714),
(268, 500000, 30, 2, 2021, 65003975),
(269, 450000, 29, 2, 2021, 61055649),
(270, 450000, 29, 2, 2021, 95327701),
(271, 500000, 30, 2, 2021, 93329295),
(272, 450000, 30, 2, 2021, 59179209),
(273, 400000, 29, 2, 2021, 46698991),
(274, 350000, 29, 2, 2021, 92453771),
(275, 450000, 30, 2, 2021, 98930809),
(276, 350000, 29, 2, 2021, 86701362),
(277, 400000, 29, 2, 2021, 17056953),
(278, 500000, 30, 2, 2021, 59834202),
(279, 500000, 30, 2, 2021, 34170301),
(280, 450000, 30, 2, 2021, 43961838),
(281, 450000, 29, 3, 2021, 51066833),
(282, 450000, 29, 3, 2021, 59887549),
(283, 500000, 29, 3, 2021, 45840477),
(284, 500000, 30, 3, 2021, 77919641),
(285, 450000, 30, 3, 2021, 32720301),
(286, 450000, 30, 3, 2021, 53149956),
(287, 400000, 30, 3, 2021, 83669714),
(288, 400000, 30, 3, 2021, 65003975),
(289, 350000, 30, 3, 2021, 61055649),
(290, 350000, 30, 3, 2021, 95327701),
(291, 350000, 29, 3, 2021, 93329295),
(292, 500000, 30, 3, 2021, 59179209),
(293, 400000, 29, 3, 2021, 46698991),
(294, 400000, 30, 3, 2021, 92453771),
(295, 350000, 30, 3, 2021, 98930809),
(296, 500000, 29, 3, 2021, 86701362),
(297, 350000, 29, 3, 2021, 17056953),
(298, 450000, 29, 3, 2021, 59834202),
(299, 400000, 29, 3, 2021, 34170301),
(300, 450000, 29, 3, 2021, 43961838),
(301, 350000, 29, 4, 2021, 51066833),
(302, 400000, 30, 4, 2021, 59887549),
(303, 350000, 29, 4, 2021, 45840477),
(304, 450000, 29, 4, 2021, 77919641),
(305, 450000, 29, 4, 2021, 32720301),
(306, 450000, 29, 4, 2021, 53149956),
(307, 400000, 30, 4, 2021, 83669714),
(308, 500000, 29, 4, 2021, 65003975),
(309, 500000, 29, 4, 2021, 61055649),
(310, 500000, 29, 4, 2021, 95327701),
(311, 400000, 30, 4, 2021, 93329295),
(312, 400000, 29, 4, 2021, 59179209),
(313, 450000, 29, 4, 2021, 46698991),
(314, 500000, 30, 4, 2021, 92453771),
(315, 400000, 29, 4, 2021, 98930809),
(316, 450000, 29, 4, 2021, 86701362),
(317, 450000, 30, 4, 2021, 17056953),
(318, 400000, 29, 4, 2021, 59834202),
(319, 500000, 30, 4, 2021, 34170301),
(320, 450000, 30, 4, 2021, 43961838),
(321, 400000, 30, 5, 2021, 51066833),
(322, 450000, 30, 5, 2021, 59887549),
(323, 350000, 30, 5, 2021, 45840477),
(324, 350000, 29, 5, 2021, 77919641),
(325, 500000, 29, 5, 2021, 32720301),
(326, 500000, 29, 5, 2021, 53149956),
(327, 350000, 29, 5, 2021, 83669714),
(328, 450000, 29, 5, 2021, 65003975),
(329, 350000, 30, 5, 2021, 61055649),
(330, 500000, 30, 5, 2021, 95327701),
(331, 400000, 29, 5, 2021, 93329295),
(332, 450000, 29, 5, 2021, 59179209),
(333, 500000, 29, 5, 2021, 46698991),
(334, 400000, 29, 5, 2021, 92453771),
(335, 350000, 30, 5, 2021, 98930809),
(336, 350000, 30, 5, 2021, 86701362),
(337, 400000, 30, 5, 2021, 17056953),
(338, 350000, 29, 5, 2021, 59834202),
(339, 350000, 30, 5, 2021, 34170301),
(340, 400000, 29, 5, 2021, 43961838),
(341, 500000, 29, 6, 2021, 51066833),
(342, 450000, 30, 6, 2021, 59887549),
(343, 500000, 30, 6, 2021, 45840477),
(344, 350000, 29, 6, 2021, 77919641),
(345, 500000, 30, 6, 2021, 32720301),
(346, 500000, 29, 6, 2021, 53149956),
(347, 450000, 29, 6, 2021, 83669714),
(348, 450000, 29, 6, 2021, 65003975),
(349, 450000, 29, 6, 2021, 61055649),
(350, 500000, 29, 6, 2021, 95327701),
(351, 400000, 29, 6, 2021, 93329295),
(352, 450000, 29, 6, 2021, 59179209),
(353, 350000, 30, 6, 2021, 46698991),
(354, 350000, 30, 6, 2021, 92453771),
(355, 350000, 29, 6, 2021, 98930809),
(356, 500000, 30, 6, 2021, 86701362),
(357, 400000, 29, 6, 2021, 17056953),
(358, 450000, 29, 6, 2021, 59834202),
(359, 350000, 30, 6, 2021, 34170301),
(360, 400000, 30, 6, 2021, 43961838),
(361, 450000, 29, 7, 2021, 51066833),
(362, 400000, 29, 7, 2021, 59887549),
(363, 450000, 29, 7, 2021, 45840477),
(364, 450000, 30, 7, 2021, 77919641),
(365, 500000, 30, 7, 2021, 32720301),
(366, 400000, 30, 7, 2021, 53149956),
(367, 450000, 29, 7, 2021, 83669714),
(368, 400000, 30, 7, 2021, 65003975),
(369, 400000, 29, 7, 2021, 61055649),
(370, 400000, 30, 7, 2021, 95327701),
(371, 500000, 29, 7, 2021, 93329295),
(372, 400000, 29, 7, 2021, 59179209),
(373, 450000, 30, 7, 2021, 46698991),
(374, 400000, 29, 7, 2021, 92453771),
(375, 500000, 30, 7, 2021, 98930809),
(376, 350000, 29, 7, 2021, 86701362),
(377, 450000, 30, 7, 2021, 17056953),
(378, 350000, 29, 7, 2021, 59834202),
(379, 350000, 30, 7, 2021, 34170301),
(380, 350000, 30, 7, 2021, 43961838),
(381, 400000, 29, 8, 2021, 51066833),
(382, 400000, 29, 8, 2021, 59887549),
(383, 450000, 29, 8, 2021, 45840477),
(384, 450000, 30, 8, 2021, 77919641),
(385, 350000, 29, 8, 2021, 32720301),
(386, 400000, 30, 8, 2021, 53149956),
(387, 400000, 29, 8, 2021, 83669714),
(388, 500000, 29, 8, 2021, 65003975),
(389, 450000, 30, 8, 2021, 61055649),
(390, 350000, 29, 8, 2021, 95327701),
(391, 450000, 29, 8, 2021, 93329295),
(392, 450000, 30, 8, 2021, 59179209),
(393, 450000, 29, 8, 2021, 46698991),
(394, 350000, 30, 8, 2021, 92453771),
(395, 400000, 29, 8, 2021, 98930809),
(396, 450000, 29, 8, 2021, 86701362),
(397, 500000, 30, 8, 2021, 17056953),
(398, 350000, 30, 8, 2021, 59834202),
(399, 400000, 29, 8, 2021, 34170301),
(400, 400000, 29, 8, 2021, 43961838),
(401, 350000, 30, 9, 2021, 51066833),
(402, 450000, 29, 9, 2021, 59887549),
(403, 350000, 30, 9, 2021, 45840477),
(404, 450000, 30, 9, 2021, 77919641),
(405, 400000, 30, 9, 2021, 32720301),
(406, 350000, 29, 9, 2021, 53149956),
(407, 400000, 29, 9, 2021, 83669714),
(408, 450000, 30, 9, 2021, 65003975),
(409, 450000, 29, 9, 2021, 61055649),
(410, 400000, 30, 9, 2021, 95327701),
(411, 450000, 30, 9, 2021, 93329295),
(412, 450000, 29, 9, 2021, 59179209),
(413, 400000, 29, 9, 2021, 46698991),
(414, 400000, 30, 9, 2021, 92453771),
(415, 350000, 29, 9, 2021, 98930809),
(416, 500000, 30, 9, 2021, 86701362),
(417, 500000, 29, 9, 2021, 17056953),
(418, 400000, 29, 9, 2021, 59834202),
(419, 400000, 29, 9, 2021, 34170301),
(420, 500000, 29, 9, 2021, 43961838),
(421, 400000, 30, 10, 2021, 51066833),
(422, 350000, 30, 10, 2021, 59887549),
(423, 350000, 29, 10, 2021, 45840477),
(424, 350000, 30, 10, 2021, 77919641),
(425, 450000, 29, 10, 2021, 32720301),
(426, 400000, 29, 10, 2021, 53149956),
(427, 450000, 29, 10, 2021, 83669714),
(428, 500000, 29, 10, 2021, 65003975),
(429, 500000, 29, 10, 2021, 61055649),
(430, 500000, 30, 10, 2021, 95327701),
(431, 500000, 29, 10, 2021, 93329295),
(432, 500000, 29, 10, 2021, 59179209),
(433, 400000, 29, 10, 2021, 46698991),
(434, 350000, 30, 10, 2021, 92453771),
(435, 450000, 29, 10, 2021, 98930809),
(436, 450000, 29, 10, 2021, 86701362),
(437, 350000, 29, 10, 2021, 17056953),
(438, 500000, 29, 10, 2021, 59834202),
(439, 500000, 29, 10, 2021, 34170301),
(440, 350000, 30, 10, 2021, 43961838),
(441, 500000, 29, 11, 2021, 51066833),
(442, 450000, 30, 11, 2021, 59887549),
(443, 450000, 29, 11, 2021, 45840477),
(444, 500000, 29, 11, 2021, 77919641),
(445, 500000, 29, 11, 2021, 32720301),
(446, 350000, 30, 11, 2021, 53149956),
(447, 500000, 29, 11, 2021, 83669714),
(448, 500000, 30, 11, 2021, 65003975),
(449, 500000, 30, 11, 2021, 61055649),
(450, 400000, 30, 11, 2021, 95327701),
(451, 450000, 30, 11, 2021, 93329295),
(452, 450000, 29, 11, 2021, 59179209),
(453, 350000, 30, 11, 2021, 46698991),
(454, 400000, 29, 11, 2021, 92453771),
(455, 400000, 30, 11, 2021, 98930809),
(456, 500000, 30, 11, 2021, 86701362),
(457, 400000, 30, 11, 2021, 17056953),
(458, 500000, 29, 11, 2021, 59834202),
(459, 350000, 29, 11, 2021, 34170301),
(460, 450000, 29, 11, 2021, 43961838),
(461, 400000, 30, 12, 2021, 51066833),
(462, 400000, 29, 12, 2021, 59887549),
(463, 450000, 29, 12, 2021, 45840477),
(464, 350000, 30, 12, 2021, 77919641),
(465, 450000, 29, 12, 2021, 32720301),
(466, 500000, 30, 12, 2021, 53149956),
(467, 500000, 30, 12, 2021, 83669714),
(468, 500000, 29, 12, 2021, 65003975),
(469, 350000, 29, 12, 2021, 61055649),
(470, 400000, 29, 12, 2021, 95327701),
(471, 400000, 29, 12, 2021, 93329295),
(472, 500000, 29, 12, 2021, 59179209),
(473, 450000, 29, 12, 2021, 46698991),
(474, 500000, 29, 12, 2021, 92453771),
(475, 450000, 29, 12, 2021, 98930809),
(476, 350000, 30, 12, 2021, 86701362),
(477, 350000, 30, 12, 2021, 17056953),
(478, 500000, 29, 12, 2021, 59834202),
(479, 500000, 30, 12, 2021, 34170301),
(480, 400000, 29, 12, 2021, 43961838),
(481, 400000, 29, 1, 2022, 51066833),
(482, 500000, 30, 1, 2022, 59887549),
(483, 450000, 29, 1, 2022, 45840477),
(484, 450000, 29, 1, 2022, 77919641),
(485, 350000, 30, 1, 2022, 32720301),
(486, 350000, 29, 1, 2022, 53149956),
(487, 450000, 29, 1, 2022, 83669714),
(488, 400000, 30, 1, 2022, 65003975),
(489, 400000, 30, 1, 2022, 61055649),
(490, 450000, 29, 1, 2022, 95327701),
(491, 450000, 30, 1, 2022, 93329295),
(492, 500000, 29, 1, 2022, 59179209),
(493, 350000, 30, 1, 2022, 46698991),
(494, 400000, 29, 1, 2022, 92453771),
(495, 500000, 30, 1, 2022, 98930809),
(496, 500000, 30, 1, 2022, 86701362),
(497, 400000, 30, 1, 2022, 17056953),
(498, 450000, 30, 1, 2022, 59834202),
(499, 500000, 29, 1, 2022, 34170301),
(500, 400000, 30, 1, 2022, 43961838),
(501, 400000, 30, 2, 2022, 51066833),
(502, 500000, 29, 2, 2022, 59887549),
(503, 400000, 29, 2, 2022, 45840477),
(504, 400000, 30, 2, 2022, 77919641),
(505, 450000, 30, 2, 2022, 32720301),
(506, 500000, 30, 2, 2022, 53149956),
(507, 500000, 29, 2, 2022, 83669714),
(508, 500000, 29, 2, 2022, 65003975),
(509, 500000, 30, 2, 2022, 61055649),
(510, 500000, 30, 2, 2022, 95327701),
(511, 450000, 30, 2, 2022, 93329295),
(512, 400000, 30, 2, 2022, 59179209),
(513, 400000, 30, 2, 2022, 46698991),
(514, 500000, 30, 2, 2022, 92453771),
(515, 400000, 30, 2, 2022, 98930809),
(516, 500000, 30, 2, 2022, 86701362),
(517, 450000, 29, 2, 2022, 17056953),
(518, 400000, 30, 2, 2022, 59834202),
(519, 350000, 29, 2, 2022, 34170301),
(520, 350000, 30, 2, 2022, 43961838),
(521, 400000, 29, 3, 2022, 51066833),
(522, 400000, 29, 3, 2022, 59887549),
(523, 500000, 30, 3, 2022, 45840477),
(524, 350000, 29, 3, 2022, 77919641),
(525, 500000, 29, 3, 2022, 32720301),
(526, 500000, 29, 3, 2022, 53149956),
(527, 350000, 29, 3, 2022, 83669714),
(528, 500000, 29, 3, 2022, 65003975),
(529, 500000, 30, 3, 2022, 61055649),
(530, 500000, 29, 3, 2022, 95327701),
(531, 500000, 30, 3, 2022, 93329295),
(532, 500000, 30, 3, 2022, 59179209),
(533, 500000, 30, 3, 2022, 46698991),
(534, 500000, 29, 3, 2022, 92453771),
(535, 500000, 29, 3, 2022, 98930809),
(536, 450000, 29, 3, 2022, 86701362),
(537, 400000, 29, 3, 2022, 17056953),
(538, 450000, 30, 3, 2022, 59834202),
(539, 400000, 29, 3, 2022, 34170301),
(540, 350000, 30, 3, 2022, 43961838),
(541, 450000, 29, 4, 2022, 51066833),
(542, 400000, 30, 4, 2022, 59887549),
(543, 500000, 30, 4, 2022, 45840477),
(544, 500000, 30, 4, 2022, 77919641),
(545, 350000, 29, 4, 2022, 32720301),
(546, 500000, 29, 4, 2022, 53149956),
(547, 450000, 30, 4, 2022, 83669714),
(548, 350000, 30, 4, 2022, 65003975),
(549, 450000, 29, 4, 2022, 61055649),
(550, 500000, 29, 4, 2022, 95327701),
(551, 400000, 30, 4, 2022, 93329295),
(552, 350000, 29, 4, 2022, 59179209),
(553, 450000, 30, 4, 2022, 46698991),
(554, 500000, 30, 4, 2022, 92453771),
(555, 400000, 30, 4, 2022, 98930809),
(556, 400000, 30, 4, 2022, 86701362),
(557, 500000, 30, 4, 2022, 17056953),
(558, 400000, 30, 4, 2022, 59834202),
(559, 350000, 29, 4, 2022, 34170301),
(560, 350000, 30, 4, 2022, 43961838),
(561, 500000, 29, 5, 2022, 51066833),
(562, 350000, 29, 5, 2022, 59887549),
(563, 500000, 30, 5, 2022, 45840477),
(564, 500000, 30, 5, 2022, 77919641),
(565, 500000, 29, 5, 2022, 32720301),
(566, 400000, 30, 5, 2022, 53149956),
(567, 500000, 29, 5, 2022, 83669714),
(568, 500000, 29, 5, 2022, 65003975),
(569, 450000, 30, 5, 2022, 61055649),
(570, 400000, 30, 5, 2022, 95327701),
(571, 350000, 29, 5, 2022, 93329295),
(572, 400000, 29, 5, 2022, 59179209),
(573, 500000, 30, 5, 2022, 46698991),
(574, 400000, 30, 5, 2022, 92453771),
(575, 400000, 30, 5, 2022, 98930809),
(576, 350000, 30, 5, 2022, 86701362),
(577, 350000, 29, 5, 2022, 17056953),
(578, 450000, 29, 5, 2022, 59834202),
(579, 400000, 29, 5, 2022, 34170301),
(580, 450000, 29, 5, 2022, 43961838),
(581, 400000, 30, 6, 2022, 51066833),
(582, 450000, 29, 6, 2022, 59887549),
(583, 350000, 29, 6, 2022, 45840477),
(584, 500000, 30, 6, 2022, 77919641),
(585, 450000, 30, 6, 2022, 32720301),
(586, 350000, 30, 6, 2022, 53149956),
(587, 500000, 29, 6, 2022, 83669714),
(588, 450000, 29, 6, 2022, 65003975),
(589, 350000, 30, 6, 2022, 61055649),
(590, 500000, 30, 6, 2022, 95327701),
(591, 500000, 30, 6, 2022, 93329295),
(592, 350000, 29, 6, 2022, 59179209),
(593, 500000, 29, 6, 2022, 46698991),
(594, 400000, 30, 6, 2022, 92453771),
(595, 450000, 30, 6, 2022, 98930809),
(596, 450000, 29, 6, 2022, 86701362),
(597, 400000, 30, 6, 2022, 17056953),
(598, 400000, 29, 6, 2022, 59834202),
(599, 450000, 30, 6, 2022, 34170301),
(600, 350000, 29, 6, 2022, 43961838),
(601, 500000, 29, 7, 2022, 51066833),
(602, 400000, 29, 7, 2022, 59887549),
(603, 350000, 29, 7, 2022, 45840477),
(604, 400000, 29, 7, 2022, 77919641),
(605, 350000, 30, 7, 2022, 32720301),
(606, 500000, 30, 7, 2022, 53149956),
(607, 450000, 30, 7, 2022, 83669714),
(608, 350000, 30, 7, 2022, 65003975),
(609, 450000, 30, 7, 2022, 61055649),
(610, 400000, 29, 7, 2022, 95327701),
(611, 400000, 29, 7, 2022, 93329295),
(612, 500000, 29, 7, 2022, 59179209),
(613, 400000, 30, 7, 2022, 46698991),
(614, 450000, 30, 7, 2022, 92453771),
(615, 450000, 30, 7, 2022, 98930809),
(616, 450000, 30, 7, 2022, 86701362),
(617, 500000, 30, 7, 2022, 17056953),
(618, 450000, 29, 7, 2022, 59834202),
(619, 500000, 30, 7, 2022, 34170301),
(620, 450000, 30, 7, 2022, 43961838),
(621, 350000, 29, 8, 2022, 51066833),
(622, 450000, 30, 8, 2022, 59887549),
(623, 450000, 29, 8, 2022, 45840477),
(624, 450000, 30, 8, 2022, 77919641),
(625, 350000, 29, 8, 2022, 32720301),
(626, 500000, 29, 8, 2022, 53149956),
(627, 400000, 30, 8, 2022, 83669714),
(628, 450000, 30, 8, 2022, 65003975),
(629, 450000, 29, 8, 2022, 61055649),
(630, 500000, 30, 8, 2022, 95327701),
(631, 400000, 29, 8, 2022, 93329295),
(632, 350000, 29, 8, 2022, 59179209),
(633, 350000, 30, 8, 2022, 46698991),
(634, 500000, 30, 8, 2022, 92453771),
(635, 500000, 30, 8, 2022, 98930809),
(636, 400000, 29, 8, 2022, 86701362),
(637, 350000, 29, 8, 2022, 17056953),
(638, 350000, 30, 8, 2022, 59834202),
(639, 450000, 30, 8, 2022, 34170301),
(640, 350000, 30, 8, 2022, 43961838),
(641, 500000, 30, 9, 2022, 51066833),
(642, 500000, 30, 9, 2022, 59887549),
(643, 400000, 29, 9, 2022, 45840477),
(644, 500000, 29, 9, 2022, 77919641),
(645, 500000, 30, 9, 2022, 32720301),
(646, 350000, 30, 9, 2022, 53149956),
(647, 500000, 29, 9, 2022, 83669714),
(648, 500000, 29, 9, 2022, 65003975),
(649, 500000, 30, 9, 2022, 61055649),
(650, 350000, 30, 9, 2022, 95327701),
(651, 500000, 30, 9, 2022, 93329295),
(652, 500000, 30, 9, 2022, 59179209),
(653, 500000, 30, 9, 2022, 46698991),
(654, 500000, 29, 9, 2022, 92453771),
(655, 350000, 30, 9, 2022, 98930809),
(656, 350000, 30, 9, 2022, 86701362),
(657, 400000, 30, 9, 2022, 17056953),
(658, 450000, 29, 9, 2022, 59834202),
(659, 350000, 30, 9, 2022, 34170301),
(660, 500000, 30, 9, 2022, 43961838),
(661, 450000, 30, 10, 2022, 51066833),
(662, 500000, 29, 10, 2022, 59887549),
(663, 450000, 30, 10, 2022, 45840477),
(664, 400000, 29, 10, 2022, 77919641),
(665, 500000, 30, 10, 2022, 32720301),
(666, 450000, 29, 10, 2022, 53149956),
(667, 500000, 30, 10, 2022, 83669714),
(668, 400000, 30, 10, 2022, 65003975),
(669, 350000, 29, 10, 2022, 61055649),
(670, 350000, 30, 10, 2022, 95327701),
(671, 400000, 30, 10, 2022, 93329295),
(672, 400000, 30, 10, 2022, 59179209),
(673, 350000, 30, 10, 2022, 46698991),
(674, 450000, 30, 10, 2022, 92453771),
(675, 500000, 30, 10, 2022, 98930809),
(676, 400000, 30, 10, 2022, 86701362),
(677, 350000, 30, 10, 2022, 17056953),
(678, 350000, 30, 10, 2022, 59834202),
(679, 450000, 29, 10, 2022, 34170301),
(680, 450000, 30, 10, 2022, 43961838),
(681, 400000, 30, 11, 2022, 51066833),
(682, 450000, 30, 11, 2022, 59887549),
(683, 350000, 30, 11, 2022, 45840477),
(684, 450000, 29, 11, 2022, 77919641),
(685, 350000, 29, 11, 2022, 32720301),
(686, 500000, 30, 11, 2022, 53149956),
(687, 400000, 30, 11, 2022, 83669714),
(688, 400000, 29, 11, 2022, 65003975),
(689, 500000, 29, 11, 2022, 61055649),
(690, 500000, 29, 11, 2022, 95327701),
(691, 400000, 29, 11, 2022, 93329295),
(692, 500000, 29, 11, 2022, 59179209),
(693, 350000, 29, 11, 2022, 46698991),
(694, 450000, 30, 11, 2022, 92453771),
(695, 450000, 30, 11, 2022, 98930809),
(696, 500000, 29, 11, 2022, 86701362),
(697, 400000, 30, 11, 2022, 17056953),
(698, 500000, 30, 11, 2022, 59834202),
(699, 450000, 30, 11, 2022, 34170301),
(700, 500000, 30, 11, 2022, 43961838),
(701, 350000, 29, 12, 2022, 51066833),
(702, 350000, 30, 12, 2022, 59887549),
(703, 500000, 30, 12, 2022, 45840477),
(704, 350000, 30, 12, 2022, 77919641),
(705, 400000, 30, 12, 2022, 32720301),
(706, 350000, 30, 12, 2022, 53149956),
(707, 400000, 30, 12, 2022, 83669714),
(708, 500000, 30, 12, 2022, 65003975),
(709, 400000, 29, 12, 2022, 61055649),
(710, 350000, 29, 12, 2022, 95327701),
(711, 450000, 29, 12, 2022, 93329295),
(712, 400000, 30, 12, 2022, 59179209),
(713, 450000, 30, 12, 2022, 46698991),
(714, 450000, 29, 12, 2022, 92453771),
(715, 500000, 30, 12, 2022, 98930809),
(716, 350000, 30, 12, 2022, 86701362),
(717, 400000, 30, 12, 2022, 17056953),
(718, 400000, 29, 12, 2022, 59834202),
(719, 500000, 29, 12, 2022, 34170301),
(720, 450000, 30, 12, 2022, 43961838);



INSERT INTO public.peluquero(
id, "idEmpleado")
VALUES (1, 95327701),
(2, 43961838),
(3, 53149956),
(4, 51066833),
(5, 65003975),
(6, 59887549),
(7, 83669714),
(8, 34170301),
(9, 59834202),
(10, 32720301),
(11, 17056953),
(12, 61055649),
(13, 59179209),
(14, 98930809),
(15, 92453771),
(16, 93329295),
(17, 45840477),
(18, 77919641),
(19, 46698991),
(20, 86701362);



-- Datos de la tabla horario.
INSERT INTO public.horario(
	id, "horaInicio")
	VALUES (1, '10:00'),
	(2, '11:00'),
	(3, '12:00'),
	(4, '13:00'),
	(5, '14:00'),
	(6, '15:00'),
	(7, '16:00'),
	(8, '17:00'),
	(9, '18:00');



INSERT INTO public.pago(
id, total)
VALUES (1, 10000), 
(2, 32500), 
(3, 45000), 
(4, 77500), 
(5, 40000), 
(6, 7500), 
(7, 55000), 
(8, 7500), 
(9, 50000), 
(10, 47500), 
(11, 77500), 
(12, 22500), 
(13, 20000), 
(14, 70000), 
(15, 75000), 
(16, 67500), 
(17, 20000), 
(18, 57500), 
(19, 30000), 
(20, 77500), 
(21, 10000), 
(22, 15000), 
(23, 22500), 
(24, 10000), 
(25, 45000), 
(26, 40000), 
(27, 37500), 
(28, 32500), 
(29, 37500), 
(30, 70000), 
(31, 40000), 
(32, 70000), 
(33, 47500), 
(34, 60000), 
(35, 15000), 
(36, 55000), 
(37, 25000), 
(38, 70000), 
(39, 5000), 
(40, 77500), 
(41, 10000), 
(42, 37500), 
(43, 10000), 
(44, 35000), 
(45, 52500), 
(46, 45000), 
(47, 12500), 
(48, 45000), 
(49, 35000), 
(50, 5000), 
(51, 50000), 
(52, 15000), 
(53, 22500), 
(54, 57500), 
(55, 50000), 
(56, 22500), 
(57, 30000), 
(58, 72500), 
(59, 60000), 
(60, 30000), 
(61, 20000), 
(62, 40000), 
(63, 30000), 
(64, 72500), 
(65, 27500), 
(66, 25000), 
(67, 40000), 
(68, 62500), 
(69, 42500), 
(70, 25000), 
(71, 35000), 
(72, 52500), 
(73, 10000), 
(74, 70000), 
(75, 50000), 
(76, 12500), 
(77, 55000), 
(78, 22500), 
(79, 50000), 
(80, 67500), 
(81, 12500), 
(82, 30000), 
(83, 47500), 
(84, 47500), 
(85, 62500), 
(86, 22500), 
(87, 77500), 
(88, 20000), 
(89, 62500), 
(90, 62500), 
(91, 35000), 
(92, 50000), 
(93, 35000), 
(94, 40000), 
(95, 45000), 
(96, 35000), 
(97, 55000), 
(98, 27500), 
(99, 65000), 
(100, 67500), 
(101, 15000), 
(102, 72500), 
(103, 47500), 
(104, 25000), 
(105, 15000), 
(106, 15000), 
(107, 70000), 
(108, 62500), 
(109, 27500), 
(110, 10000), 
(111, 20000), 
(112, 17500), 
(113, 50000), 
(114, 35000), 
(115, 52500), 
(116, 60000), 
(117, 65000), 
(118, 7500), 
(119, 25000), 
(120, 12500), 
(121, 35000), 
(122, 45000), 
(123, 62500), 
(124, 37500), 
(125, 27500), 
(126, 10000), 
(127, 57500), 
(128, 25000), 
(129, 20000), 
(130, 20000), 
(131, 65000), 
(132, 10000), 
(133, 5000), 
(134, 77500), 
(135, 25000), 
(136, 27500), 
(137, 42500), 
(138, 57500), 
(139, 45000), 
(140, 10000), 
(141, 60000), 
(142, 55000), 
(143, 12500), 
(144, 37500), 
(145, 75000), 
(146, 30000), 
(147, 25000), 
(148, 62500), 
(149, 45000), 
(150, 12500), 
(151, 70000), 
(152, 20000), 
(153, 12500), 
(154, 10000), 
(155, 42500), 
(156, 20000), 
(157, 20000), 
(158, 50000), 
(159, 7500), 
(160, 17500), 
(161, 65000), 
(162, 10000), 
(163, 25000), 
(164, 32500), 
(165, 32500), 
(166, 52500), 
(167, 32500), 
(168, 47500), 
(169, 40000), 
(170, 7500), 
(171, 25000), 
(172, 77500), 
(173, 25000), 
(174, 77500), 
(175, 17500), 
(176, 77500), 
(177, 52500), 
(178, 57500), 
(179, 30000), 
(180, 77500), 
(181, 32500), 
(182, 7500), 
(183, 10000), 
(184, 47500), 
(185, 25000), 
(186, 12500), 
(187, 12500), 
(188, 60000), 
(189, 22500), 
(190, 47500), 
(191, 52500), 
(192, 12500), 
(193, 55000), 
(194, 52500), 
(195, 7500), 
(196, 70000), 
(197, 25000), 
(198, 70000), 
(199, 70000), 
(200, 22500); 



INSERT INTO public.detalle(
id, duracion, "idPago")
VALUES (1, 105, 1),
(2, 6, 2),
(3, 87, 3),
(4, 24, 4),
(5, 16, 5),
(6, 8, 6),
(7, 55, 7),
(8, 33, 8),
(9, 65, 9),
(10, 103, 10),
(11, 53, 11),
(12, 23, 12),
(13, 75, 13),
(14, 60, 14),
(15, 14, 15),
(16, 35, 16),
(17, 116, 17),
(18, 91, 18),
(19, 23, 19),
(20, 79, 20),
(21, 82, 21),
(22, 90, 22),
(23, 95, 23),
(24, 48, 24),
(25, 56, 25),
(26, 119, 26),
(27, 120, 27),
(28, 51, 28),
(29, 82, 29),
(30, 36, 30),
(31, 109, 31),
(32, 58, 32),
(33, 83, 33),
(34, 42, 34),
(35, 43, 35),
(36, 101, 36),
(37, 77, 37),
(38, 12, 38),
(39, 92, 39),
(40, 22, 40),
(41, 51, 41),
(42, 114, 42),
(43, 91, 43),
(44, 22, 44),
(45, 102, 45),
(46, 61, 46),
(47, 75, 47),
(48, 52, 48),
(49, 42, 49),
(50, 29, 50),
(51, 67, 51),
(52, 116, 52),
(53, 107, 53),
(54, 30, 54),
(55, 75, 55),
(56, 23, 56),
(57, 92, 57),
(58, 44, 58),
(59, 88, 59),
(60, 39, 60),
(61, 106, 61),
(62, 56, 62),
(63, 13, 63),
(64, 15, 64),
(65, 50, 65),
(66, 114, 66),
(67, 56, 67),
(68, 53, 68),
(69, 110, 69),
(70, 89, 70),
(71, 9, 71),
(72, 21, 72),
(73, 60, 73),
(74, 66, 74),
(75, 5, 75),
(76, 26, 76),
(77, 4, 77),
(78, 100, 78),
(79, 44, 79),
(80, 9, 80),
(81, 120, 81),
(82, 82, 82),
(83, 78, 83),
(84, 75, 84),
(85, 76, 85),
(86, 82, 86),
(87, 18, 87),
(88, 77, 88),
(89, 1, 89),
(90, 51, 90),
(91, 30, 91),
(92, 88, 92),
(93, 36, 93),
(94, 113, 94),
(95, 60, 95),
(96, 26, 96),
(97, 36, 97),
(98, 64, 98),
(99, 42, 99),
(100, 8, 100),
(101, 3, 101),
(102, 42, 102),
(103, 111, 103),
(104, 49, 104),
(105, 102, 105),
(106, 48, 106),
(107, 118, 107),
(108, 31, 108),
(109, 72, 109),
(110, 61, 110),
(111, 59, 111),
(112, 104, 112),
(113, 29, 113),
(114, 3, 114),
(115, 25, 115),
(116, 114, 116),
(117, 96, 117),
(118, 20, 118),
(119, 86, 119),
(120, 108, 120),
(121, 14, 121),
(122, 42, 122),
(123, 40, 123),
(124, 14, 124),
(125, 117, 125),
(126, 76, 126),
(127, 113, 127),
(128, 85, 128),
(129, 30, 129),
(130, 10, 130),
(131, 61, 131),
(132, 111, 132),
(133, 36, 133),
(134, 84, 134),
(135, 31, 135),
(136, 119, 136),
(137, 120, 137),
(138, 17, 138),
(139, 32, 139),
(140, 64, 140),
(141, 8, 141),
(142, 81, 142),
(143, 3, 143),
(144, 86, 144),
(145, 96, 145),
(146, 11, 146),
(147, 113, 147),
(148, 49, 148),
(149, 80, 149),
(150, 18, 150),
(151, 77, 151),
(152, 59, 152),
(153, 55, 153),
(154, 112, 154),
(155, 103, 155),
(156, 86, 156),
(157, 64, 157),
(158, 92, 158),
(159, 111, 159),
(160, 28, 160),
(161, 33, 161),
(162, 39, 162),
(163, 66, 163),
(164, 53, 164),
(165, 55, 165),
(166, 110, 166),
(167, 98, 167),
(168, 35, 168),
(169, 99, 169),
(170, 67, 170),
(171, 40, 171),
(172, 89, 172),
(173, 95, 173),
(174, 53, 174),
(175, 25, 175),
(176, 45, 176),
(177, 67, 177),
(178, 15, 178),
(179, 17, 179),
(180, 107, 180),
(181, 109, 181),
(182, 23, 182),
(183, 77, 183),
(184, 63, 184),
(185, 115, 185),
(186, 113, 186),
(187, 20, 187),
(188, 17, 188),
(189, 34, 189),
(190, 14, 190),
(191, 9, 191),
(192, 58, 192),
(193, 28, 193),
(194, 48, 194),
(195, 33, 195),
(196, 37, 196),
(197, 11, 197),
(198, 82, 198),
(199, 18, 199),
(200, 18, 200);



INSERT INTO public.cita(
id, dia, mes, "ano", "idDetalle", "idPeluquero", "idHorario")
VALUES (1, 2, 3, 2017, 1, 20, 6),
(2, 1, 2, 2017, 2, 3, 2),
(3, 1, 3, 2017, 3, 12, 1),
(4, 2, 1, 2017, 4, 9, 3),
(5, 5, 1, 2017, 5, 10, 5),
(6, 1, 3, 2017, 6, 3, 2),
(7, 5, 2, 2017, 7, 13, 5),
(8, 5, 3, 2017, 8, 12, 3),
(9, 5, 1, 2017, 9, 13, 6),
(10, 3, 3, 2017, 10, 15, 8),
(11, 1, 3, 2017, 11, 7, 8),
(12, 3, 1, 2017, 12, 19, 6),
(13, 1, 1, 2017, 13, 5, 9),
(14, 5, 1, 2017, 14, 16, 3),
(15, 5, 2, 2017, 15, 11, 7),
(16, 4, 2, 2017, 16, 3, 5),
(17, 3, 2, 2017, 17, 11, 4),
(18, 3, 2, 2017, 18, 15, 7),
(19, 5, 1, 2017, 19, 3, 3),
(20, 3, 2, 2017, 20, 19, 7),
(21, 4, 3, 2017, 21, 5, 4),
(22, 5, 3, 2017, 22, 4, 9),
(23, 2, 1, 2017, 23, 6, 9),
(24, 3, 3, 2017, 24, 18, 5),
(25, 4, 3, 2017, 25, 15, 9),
(26, 3, 2, 2017, 26, 5, 7),
(27, 3, 3, 2017, 27, 10, 4),
(28, 2, 3, 2017, 28, 11, 6),
(29, 5, 3, 2017, 29, 15, 4),
(30, 4, 1, 2017, 30, 18, 8),
(31, 1, 3, 2017, 31, 12, 9),
(32, 5, 2, 2017, 32, 20, 3),
(33, 5, 3, 2018, 33, 3, 3),
(34, 1, 2, 2018, 34, 16, 2),
(35, 2, 1, 2018, 35, 16, 5),
(36, 1, 2, 2018, 36, 17, 8),
(37, 4, 1, 2018, 37, 14, 8),
(38, 5, 3, 2018, 38, 4, 1),
(39, 2, 1, 2018, 39, 3, 1),
(40, 5, 1, 2018, 40, 3, 6),
(41, 2, 3, 2018, 41, 4, 6),
(42, 2, 2, 2018, 42, 18, 7),
(43, 2, 1, 2018, 43, 19, 7),
(44, 1, 2, 2018, 44, 19, 3),
(45, 3, 1, 2018, 45, 9, 8),
(46, 3, 2, 2018, 46, 2, 2),
(47, 3, 3, 2018, 47, 11, 8),
(48, 3, 2, 2018, 48, 8, 1),
(49, 2, 1, 2018, 49, 17, 2),
(50, 4, 3, 2018, 50, 8, 7),
(51, 3, 1, 2018, 51, 15, 7),
(52, 4, 1, 2018, 52, 1, 4),
(53, 3, 2, 2018, 53, 13, 1),
(54, 2, 1, 2018, 54, 14, 2),
(55, 1, 3, 2018, 55, 5, 9),
(56, 2, 3, 2018, 56, 17, 1),
(57, 5, 3, 2018, 57, 16, 3),
(58, 1, 1, 2018, 58, 10, 1),
(59, 2, 3, 2018, 59, 7, 1),
(60, 3, 1, 2018, 60, 17, 6),
(61, 5, 2, 2018, 61, 18, 8),
(62, 4, 2, 2018, 62, 16, 1),
(63, 1, 1, 2018, 63, 9, 7),
(64, 4, 1, 2018, 64, 8, 5),
(65, 1, 2, 2018, 65, 20, 6),
(66, 1, 1, 2019, 66, 7, 3),
(67, 3, 3, 2019, 67, 13, 8),
(68, 5, 1, 2019, 68, 5, 3),
(69, 3, 2, 2019, 69, 15, 1),
(70, 1, 2, 2019, 70, 3, 7),
(71, 1, 1, 2019, 71, 6, 6),
(72, 3, 2, 2019, 72, 11, 8),
(73, 1, 1, 2019, 73, 15, 3),
(74, 1, 2, 2019, 74, 13, 1),
(75, 1, 1, 2019, 75, 17, 4),
(76, 5, 3, 2019, 76, 15, 6),
(77, 5, 1, 2019, 77, 8, 2),
(78, 4, 3, 2019, 78, 19, 7),
(79, 1, 3, 2019, 79, 8, 2),
(80, 2, 2, 2019, 80, 20, 8),
(81, 5, 2, 2019, 81, 19, 3),
(82, 3, 3, 2019, 82, 4, 3),
(83, 5, 3, 2019, 83, 9, 7),
(84, 4, 2, 2019, 84, 1, 7),
(85, 1, 2, 2019, 85, 4, 6),
(86, 3, 1, 2019, 86, 9, 5),
(87, 3, 1, 2019, 87, 9, 6),
(88, 4, 1, 2019, 88, 15, 1),
(89, 5, 3, 2019, 89, 18, 4),
(90, 5, 3, 2019, 90, 9, 6),
(91, 4, 1, 2019, 91, 16, 3),
(92, 4, 3, 2019, 92, 6, 2),
(93, 1, 2, 2019, 93, 12, 2),
(94, 1, 3, 2019, 94, 3, 3),
(95, 3, 3, 2019, 95, 5, 1),
(96, 3, 1, 2019, 96, 14, 9),
(97, 3, 2, 2019, 97, 8, 7),
(98, 5, 3, 2019, 98, 8, 8),
(99, 3, 3, 2019, 99, 4, 2),
(100, 3, 2, 2020, 100, 20, 2),
(101, 2, 2, 2020, 101, 12, 4),
(102, 1, 3, 2020, 102, 15, 2),
(103, 1, 2, 2020, 103, 5, 5),
(104, 5, 3, 2020, 104, 15, 8),
(105, 2, 1, 2020, 105, 1, 5),
(106, 5, 2, 2020, 106, 10, 7),
(107, 2, 2, 2020, 107, 5, 8),
(108, 3, 2, 2020, 108, 3, 7),
(109, 4, 1, 2020, 109, 12, 3),
(110, 2, 2, 2020, 110, 15, 3),
(111, 5, 1, 2020, 111, 16, 5),
(112, 4, 2, 2020, 112, 3, 3),
(113, 4, 3, 2020, 113, 6, 5),
(114, 1, 2, 2020, 114, 6, 3),
(115, 1, 2, 2020, 115, 18, 2),
(116, 2, 2, 2020, 116, 12, 2),
(117, 2, 2, 2020, 117, 4, 7),
(118, 5, 2, 2020, 118, 18, 2),
(119, 5, 2, 2020, 119, 5, 4),
(120, 4, 2, 2020, 120, 19, 5),
(121, 5, 1, 2020, 121, 9, 9),
(122, 2, 3, 2020, 122, 14, 9),
(123, 5, 3, 2020, 123, 6, 5),
(124, 4, 3, 2020, 124, 17, 2),
(125, 1, 2, 2020, 125, 1, 5),
(126, 5, 2, 2020, 126, 13, 2),
(127, 2, 2, 2020, 127, 3, 1),
(128, 4, 2, 2020, 128, 4, 2),
(129, 5, 2, 2020, 129, 20, 9),
(130, 3, 2, 2020, 130, 19, 9),
(131, 4, 3, 2020, 131, 8, 6),
(132, 2, 2, 2020, 132, 6, 2),
(133, 4, 3, 2021, 133, 3, 8),
(134, 4, 2, 2021, 134, 20, 8),
(135, 5, 1, 2021, 135, 17, 1),
(136, 3, 3, 2021, 136, 4, 7),
(137, 4, 3, 2021, 137, 7, 8),
(138, 3, 3, 2021, 138, 15, 4),
(139, 3, 2, 2021, 139, 19, 3),
(140, 4, 3, 2021, 140, 3, 4),
(141, 3, 3, 2021, 141, 17, 6),
(142, 5, 3, 2021, 142, 19, 6),
(143, 3, 1, 2021, 143, 20, 2),
(144, 4, 1, 2021, 144, 10, 3),
(145, 2, 3, 2021, 145, 5, 7),
(146, 1, 2, 2021, 146, 9, 4),
(147, 1, 1, 2021, 147, 7, 5),
(148, 3, 1, 2021, 148, 16, 3),
(149, 2, 3, 2021, 149, 10, 2),
(150, 4, 2, 2021, 150, 6, 4),
(151, 3, 2, 2021, 151, 9, 7),
(152, 3, 3, 2021, 152, 9, 6),
(153, 4, 2, 2021, 153, 9, 9),
(154, 4, 3, 2021, 154, 14, 2),
(155, 1, 2, 2021, 155, 15, 9),
(156, 2, 2, 2021, 156, 1, 1),
(157, 4, 1, 2021, 157, 16, 9),
(158, 5, 3, 2021, 158, 7, 6),
(159, 3, 3, 2021, 159, 3, 1),
(160, 5, 1, 2021, 160, 2, 1),
(161, 4, 3, 2021, 161, 4, 6),
(162, 1, 1, 2021, 162, 16, 7),
(163, 5, 2, 2021, 163, 18, 5),
(164, 3, 2, 2021, 164, 7, 7),
(165, 3, 2, 2021, 165, 16, 5),
(166, 2, 3, 2022, 166, 6, 9),
(167, 5, 3, 2022, 167, 16, 5),
(168, 5, 3, 2022, 168, 8, 7),
(169, 3, 3, 2022, 169, 20, 9),
(170, 1, 2, 2022, 170, 7, 5),
(171, 4, 3, 2022, 171, 17, 8),
(172, 4, 1, 2022, 172, 19, 7),
(173, 3, 2, 2022, 173, 16, 1),
(174, 5, 2, 2022, 174, 19, 1),
(175, 2, 3, 2022, 175, 7, 6),
(176, 5, 2, 2022, 176, 5, 2),
(177, 5, 1, 2022, 177, 17, 8),
(178, 2, 3, 2022, 178, 5, 6),
(179, 3, 1, 2022, 179, 16, 9),
(180, 1, 2, 2022, 180, 7, 1),
(181, 3, 3, 2022, 181, 14, 1),
(182, 2, 1, 2022, 182, 19, 9),
(183, 4, 3, 2022, 183, 14, 7),
(184, 5, 3, 2022, 184, 17, 1),
(185, 4, 1, 2022, 185, 5, 9),
(186, 1, 2, 2022, 186, 12, 6),
(187, 1, 3, 2022, 187, 3, 5),
(188, 3, 2, 2022, 188, 13, 7),
(189, 3, 3, 2022, 189, 17, 7),
(190, 1, 2, 2022, 190, 8, 5),
(191, 1, 1, 2022, 191, 7, 5),
(192, 1, 3, 2022, 192, 1, 8),
(193, 1, 1, 2022, 193, 13, 3),
(194, 5, 3, 2022, 194, 2, 1),
(195, 2, 1, 2022, 195, 17, 1),
(196, 2, 3, 2022, 196, 12, 1),
(197, 3, 2, 2022, 197, 2, 7),
(198, 5, 3, 2022, 198, 9, 6),
(199, 5, 3, 2022, 199, 4, 3),
(200, 3, 2, 2023, 200, 16, 9);



INSERT INTO public.cliente_pelu(
"idCliente", "idPeluqueria", "idCita")
VALUES (65965052, 12, 1), 
(66912980, 24, 2), 
(50361454, 25, 3), 
(16976957, 21, 4), 
(25933644, 2, 5), 
(65693586, 17, 6), 
(83222942, 20, 7), 
(51315881, 6, 8), 
(16976957, 17, 9), 
(94505199, 24, 10), 
(83222942, 15, 11), 
(49568286, 11, 12), 
(83222942, 6, 13), 
(65693586, 22, 14), 
(49568286, 3, 15), 
(50361454, 22, 16), 
(83222942, 16, 17), 
(74176754, 23, 18), 
(50361454, 14, 19), 
(94505199, 7, 20), 
(69017649, 8, 21), 
(98944696, 7, 22), 
(74176754, 7, 23), 
(61779471, 9, 24), 
(98944696, 16, 25), 
(20543685, 25, 26), 
(21728482, 2, 27), 
(65693586, 15, 28), 
(16056152, 22, 29), 
(50361454, 12, 30), 
(83222942, 1, 31), 
(74176754, 15, 32), 
(98944696, 13, 33), 
(65693586, 14, 34), 
(65693586, 22, 35), 
(33841790, 4, 36), 
(75540454, 6, 37), 
(65965052, 23, 38), 
(65693586, 18, 39), 
(65693586, 15, 40), 
(83222942, 8, 41), 
(49568286, 13, 42), 
(50361454, 10, 43), 
(74176754, 1, 44), 
(33841790, 4, 45), 
(61779471, 9, 46), 
(16056152, 12, 47), 
(51315881, 1, 48), 
(66912980, 3, 49), 
(69017649, 8, 50), 
(33841790, 23, 51), 
(21728482, 3, 52), 
(16976957, 9, 53), 
(21728482, 6, 54), 
(16056152, 21, 55), 
(49568286, 19, 56), 
(49568286, 24, 57), 
(50361454, 11, 58), 
(61779471, 23, 59), 
(51315881, 10, 60), 
(94505199, 24, 61), 
(65965052, 23, 62), 
(83222942, 11, 63), 
(75540454, 13, 64), 
(83222942, 10, 65), 
(98944696, 5, 66), 
(61779471, 17, 67), 
(51315881, 17, 68), 
(20543685, 12, 69), 
(25933644, 25, 70), 
(50361454, 14, 71), 
(16976957, 17, 72), 
(50361454, 20, 73), 
(33841790, 8, 74), 
(65693586, 14, 75), 
(74176754, 8, 76), 
(51315881, 22, 77), 
(75540454, 19, 78), 
(20543685, 25, 79), 
(49568286, 1, 80), 
(98944696, 21, 81), 
(16056152, 22, 82), 
(74176754, 5, 83), 
(74176754, 24, 84), 
(33841790, 12, 85), 
(51315881, 5, 86), 
(49568286, 3, 87), 
(50361454, 20, 88), 
(21728482, 17, 89), 
(61779471, 12, 90), 
(50361454, 10, 91), 
(33841790, 19, 92), 
(21728482, 2, 93), 
(69303294, 11, 94), 
(21728482, 17, 95), 
(83222942, 12, 96), 
(25933644, 5, 97), 
(50361454, 17, 98), 
(49568286, 20, 99), 
(94505199, 5, 100), 
(66912980, 24, 101), 
(69303294, 4, 102), 
(94505199, 7, 103), 
(75540454, 2, 104), 
(50361454, 15, 105), 
(83222942, 2, 106), 
(74176754, 24, 107), 
(83222942, 24, 108), 
(61779471, 6, 109), 
(74176754, 25, 110), 
(74176754, 9, 111), 
(94505199, 25, 112), 
(21728482, 17, 113), 
(25933644, 18, 114), 
(65693586, 17, 115), 
(98944696, 3, 116), 
(66912980, 1, 117), 
(94505199, 16, 118), 
(66912980, 15, 119), 
(51315881, 18, 120), 
(98944696, 2, 121), 
(16056152, 14, 122), 
(16056152, 6, 123), 
(74176754, 11, 124), 
(21728482, 2, 125), 
(94505199, 22, 126), 
(94505199, 5, 127), 
(33841790, 24, 128), 
(61779471, 1, 129), 
(61779471, 22, 130), 
(20543685, 9, 131), 
(25933644, 2, 132), 
(66912980, 19, 133), 
(61779471, 5, 134), 
(69303294, 10, 135), 
(69017649, 4, 136), 
(65693586, 4, 137), 
(16976957, 11, 138), 
(83222942, 13, 139), 
(98944696, 3, 140), 
(50361454, 1, 141), 
(25933644, 6, 142), 
(51315881, 9, 143), 
(75540454, 21, 144), 
(94505199, 17, 145), 
(33841790, 5, 146), 
(94505199, 6, 147), 
(51315881, 16, 148), 
(65693586, 15, 149), 
(83222942, 24, 150), 
(98944696, 18, 151), 
(61779471, 11, 152), 
(51315881, 23, 153), 
(65965052, 5, 154), 
(75540454, 15, 155), 
(50361454, 1, 156), 
(94505199, 8, 157), 
(98944696, 19, 158), 
(83222942, 22, 159), 
(33841790, 13, 160), 
(50361454, 16, 161), 
(25933644, 3, 162), 
(74176754, 14, 163), 
(69017649, 14, 164), 
(50361454, 8, 165), 
(25933644, 19, 166), 
(20543685, 13, 167), 
(61779471, 10, 168), 
(65693586, 4, 169), 
(94505199, 10, 170), 
(69017649, 17, 171), 
(51315881, 10, 172), 
(16056152, 1, 173), 
(61779471, 21, 174), 
(74176754, 6, 175), 
(33841790, 12, 176), 
(51315881, 8, 177), 
(16976957, 12, 178), 
(69017649, 2, 179), 
(20543685, 12, 180), 
(83222942, 5, 181), 
(50361454, 24, 182), 
(65965052, 18, 183), 
(75540454, 22, 184), 
(20543685, 10, 185), 
(98944696, 13, 186), 
(65965052, 10, 187), 
(33841790, 5, 188), 
(69303294, 4, 189), 
(69017649, 21, 190), 
(74176754, 19, 191), 
(98944696, 9, 192), 
(98944696, 3, 193), 
(21728482, 14, 194), 
(75540454, 11, 195), 
(69303294, 20, 196), 
(16976957, 23, 197), 
(94505199, 18, 198), 
(75540454, 22, 199), 
(66912980, 7, 200); 



-- Datos de la tabla producto.
INSERT INTO public.producto(
	id, tipo, nombre, precio)
	VALUES (1, 'Shampoo', 'TioNacho', 6000),
	(2, 'Balsamo', 'Ballerina', 4000),
	(3, 'Shampoo', 'Garnier', 5000),
	(4, 'Balsamo', 'HeadAndShoulders', 6000),
	(5, 'Shampoo', 'Medicasp', 8000);

-- Datos de la tabla servicio.
INSERT INTO public.servicio(
	id, tipo)
	VALUES (1, 'CorteHombre'),
	(2, 'CorteMujer'),
	(3, 'CorteNino'),
	(4, 'CorteBarba'),
	(5, 'TenirPelo');



INSERT INTO public.producto_detalle(
"idProducto", "idDetalle")
VALUES (2, 1), 
(3, 1), 
(3, 1), 
(3, 1), 
(3, 2), 
(1, 2), 
(2, 2), 
(2, 3), 
(2, 3), 
(3, 3), 
(1, 4), 
(1, 4), 
(4, 4), 
(1, 5), 
(2, 5), 
(2, 5), 
(2, 6), 
(3, 6), 
(2, 6), 
(2, 7), 
(3, 7), 
(4, 7), 
(2, 8), 
(4, 8), 
(2, 8), 
(4, 9), 
(3, 9), 
(4, 9), 
(1, 10), 
(3, 10), 
(4, 10), 
(2, 11), 
(3, 11), 
(2, 11), 
(3, 12), 
(1, 12), 
(1, 12), 
(4, 13), 
(1, 13), 
(4, 13), 
(3, 14), 
(2, 14), 
(3, 14), 
(1, 15), 
(2, 15), 
(3, 15), 
(3, 16), 
(3, 16), 
(1, 16), 
(4, 17), 
(3, 17), 
(4, 17), 
(3, 18), 
(1, 18), 
(1, 18), 
(2, 19), 
(3, 19), 
(4, 19), 
(1, 20), 
(2, 20), 
(4, 20), 
(3, 21), 
(1, 21), 
(4, 21), 
(4, 22), 
(2, 22), 
(1, 22), 
(2, 23), 
(3, 23), 
(4, 23), 
(1, 24), 
(2, 24), 
(3, 24), 
(3, 25), 
(1, 25), 
(4, 25), 
(3, 26), 
(1, 26), 
(3, 26), 
(1, 27), 
(4, 27), 
(1, 27), 
(4, 28), 
(1, 28), 
(4, 28), 
(1, 29), 
(1, 29), 
(2, 29), 
(4, 30), 
(4, 30), 
(3, 30), 
(1, 31), 
(3, 31), 
(4, 31), 
(1, 32), 
(2, 32), 
(1, 32), 
(3, 33), 
(1, 33), 
(4, 33), 
(4, 34), 
(2, 34), 
(1, 34), 
(2, 35), 
(1, 35), 
(1, 35), 
(1, 36), 
(4, 36), 
(4, 36), 
(3, 37), 
(3, 37), 
(3, 37), 
(2, 38), 
(4, 38), 
(2, 38), 
(1, 39), 
(2, 39), 
(2, 39), 
(3, 40), 
(1, 40), 
(4, 40), 
(3, 41), 
(2, 41), 
(4, 41), 
(1, 42), 
(1, 42), 
(3, 42), 
(3, 43), 
(2, 43), 
(1, 43), 
(2, 44), 
(2, 44), 
(1, 44), 
(3, 45), 
(1, 45), 
(2, 45), 
(1, 46), 
(3, 46), 
(4, 46), 
(3, 47), 
(4, 47), 
(4, 47), 
(3, 48), 
(1, 48), 
(4, 48), 
(1, 49), 
(2, 49), 
(2, 49), 
(4, 50), 
(4, 50), 
(4, 50), 
(1, 51), 
(4, 51), 
(1, 51), 
(1, 52), 
(4, 52), 
(3, 52), 
(1, 53), 
(4, 53), 
(1, 53), 
(4, 54), 
(2, 54), 
(1, 54), 
(2, 55), 
(2, 55), 
(2, 55), 
(3, 56), 
(1, 56), 
(4, 56), 
(1, 57), 
(2, 57), 
(3, 57), 
(1, 58), 
(4, 58), 
(4, 58), 
(2, 59), 
(1, 59), 
(1, 59), 
(2, 60), 
(2, 60), 
(2, 60), 
(1, 61), 
(2, 61), 
(4, 61), 
(4, 62), 
(4, 62), 
(2, 62), 
(4, 63), 
(3, 63), 
(3, 63), 
(1, 64), 
(2, 64), 
(3, 64), 
(2, 65), 
(2, 65), 
(1, 65), 
(1, 66), 
(2, 66), 
(2, 66), 
(4, 67), 
(2, 67), 
(2, 67), 
(1, 68), 
(1, 68), 
(2, 68), 
(1, 69), 
(2, 69), 
(3, 69), 
(3, 70), 
(3, 70), 
(3, 70), 
(2, 71), 
(1, 71), 
(1, 71), 
(4, 72), 
(4, 72), 
(3, 72), 
(2, 73), 
(4, 73), 
(4, 73), 
(2, 74), 
(4, 74), 
(1, 74), 
(2, 75), 
(3, 75), 
(2, 75), 
(2, 76), 
(1, 76), 
(4, 76), 
(1, 77), 
(4, 77), 
(4, 77), 
(4, 78), 
(1, 78), 
(1, 78), 
(4, 79), 
(3, 79), 
(2, 79), 
(4, 80), 
(3, 80), 
(4, 80), 
(2, 81), 
(3, 81), 
(2, 81), 
(4, 82), 
(4, 82), 
(2, 82), 
(4, 83), 
(4, 83), 
(2, 83), 
(2, 84), 
(3, 84), 
(1, 84), 
(3, 85), 
(4, 85), 
(2, 85), 
(4, 86), 
(4, 86), 
(3, 86), 
(3, 87), 
(3, 87), 
(1, 87), 
(3, 88), 
(2, 88), 
(4, 88), 
(2, 89), 
(3, 89), 
(1, 89), 
(3, 90), 
(2, 90), 
(1, 90), 
(3, 91), 
(2, 91), 
(2, 91), 
(2, 92), 
(3, 92), 
(4, 92), 
(1, 93), 
(2, 93), 
(1, 93), 
(3, 94), 
(2, 94), 
(4, 94), 
(1, 95), 
(4, 95), 
(4, 95), 
(1, 96), 
(1, 96), 
(4, 96), 
(1, 97), 
(2, 97), 
(4, 97), 
(1, 98), 
(1, 98), 
(4, 98), 
(4, 99), 
(3, 99), 
(4, 99), 
(4, 100), 
(2, 100), 
(2, 100), 
(2, 101), 
(1, 101), 
(2, 101), 
(1, 102), 
(2, 102), 
(3, 102), 
(4, 103), 
(2, 103), 
(4, 103), 
(3, 104), 
(4, 104), 
(1, 104), 
(2, 105), 
(1, 105), 
(2, 105), 
(1, 106), 
(3, 106), 
(2, 106), 
(2, 107), 
(3, 107), 
(3, 107), 
(1, 108), 
(2, 108), 
(4, 108), 
(2, 109), 
(2, 109), 
(3, 109), 
(1, 110), 
(2, 110), 
(2, 110), 
(4, 111), 
(1, 111), 
(3, 111), 
(3, 112), 
(4, 112), 
(2, 112), 
(2, 113), 
(3, 113), 
(3, 113), 
(4, 114), 
(1, 114), 
(3, 114), 
(3, 115), 
(2, 115), 
(4, 115), 
(2, 116), 
(1, 116), 
(4, 116), 
(1, 117), 
(3, 117), 
(3, 117), 
(3, 118), 
(3, 118), 
(2, 118), 
(3, 119), 
(3, 119), 
(2, 119), 
(1, 120), 
(4, 120), 
(4, 120), 
(2, 121), 
(3, 121), 
(1, 121), 
(1, 122), 
(2, 122), 
(2, 122), 
(3, 123), 
(1, 123), 
(1, 123), 
(2, 124), 
(4, 124), 
(2, 124), 
(1, 125), 
(3, 125), 
(4, 125), 
(3, 126), 
(4, 126), 
(3, 126), 
(2, 127), 
(1, 127), 
(3, 127), 
(2, 128), 
(3, 128), 
(1, 128), 
(2, 129), 
(1, 129), 
(2, 129), 
(3, 130), 
(4, 130), 
(1, 130), 
(1, 131), 
(3, 131), 
(4, 131), 
(1, 132), 
(1, 132), 
(1, 132), 
(4, 133), 
(4, 133), 
(1, 133), 
(4, 134), 
(1, 134), 
(1, 134), 
(2, 135), 
(3, 135), 
(4, 135), 
(3, 136), 
(2, 136), 
(2, 136), 
(4, 137), 
(2, 137), 
(3, 137), 
(3, 138), 
(4, 138), 
(4, 138), 
(3, 139), 
(1, 139), 
(3, 139), 
(4, 140), 
(3, 140), 
(4, 140), 
(4, 141), 
(2, 141), 
(2, 141), 
(4, 142), 
(4, 142), 
(1, 142), 
(4, 143), 
(4, 143), 
(4, 143), 
(4, 144), 
(1, 144), 
(3, 144), 
(3, 145), 
(4, 145), 
(4, 145), 
(4, 146), 
(1, 146), 
(4, 146), 
(2, 147), 
(1, 147), 
(4, 147), 
(1, 148), 
(4, 148), 
(4, 148), 
(3, 149), 
(2, 149), 
(3, 149), 
(1, 150), 
(1, 150), 
(1, 150), 
(1, 151), 
(1, 151), 
(1, 151), 
(2, 152), 
(2, 152), 
(3, 152), 
(3, 153), 
(2, 153), 
(2, 153), 
(3, 154), 
(3, 154), 
(2, 154), 
(1, 155), 
(4, 155), 
(2, 155), 
(3, 156), 
(3, 156), 
(2, 156), 
(4, 157), 
(4, 157), 
(4, 157), 
(4, 158), 
(2, 158), 
(3, 158), 
(4, 159), 
(3, 159), 
(2, 159), 
(4, 160), 
(1, 160), 
(3, 160), 
(1, 161), 
(1, 161), 
(4, 161), 
(4, 162), 
(3, 162), 
(3, 162), 
(3, 163), 
(2, 163), 
(2, 163), 
(3, 164), 
(2, 164), 
(1, 164), 
(3, 165), 
(1, 165), 
(4, 165), 
(1, 166), 
(3, 166), 
(4, 166), 
(3, 167), 
(3, 167), 
(1, 167), 
(4, 168), 
(2, 168), 
(3, 168), 
(2, 169), 
(2, 169), 
(3, 169), 
(3, 170), 
(3, 170), 
(3, 170), 
(3, 171), 
(2, 171), 
(2, 171), 
(1, 172), 
(4, 172), 
(4, 172), 
(2, 173), 
(4, 173), 
(4, 173), 
(2, 174), 
(1, 174), 
(4, 174), 
(4, 175), 
(4, 175), 
(4, 175), 
(4, 176), 
(2, 176), 
(3, 176), 
(1, 177), 
(1, 177), 
(1, 177), 
(4, 178), 
(4, 178), 
(1, 178), 
(2, 179), 
(2, 179), 
(2, 179), 
(1, 180), 
(4, 180), 
(4, 180), 
(3, 181), 
(1, 181), 
(3, 181), 
(3, 182), 
(3, 182), 
(3, 182), 
(2, 183), 
(4, 183), 
(3, 183), 
(2, 184), 
(1, 184), 
(4, 184), 
(3, 185), 
(1, 185), 
(2, 185), 
(3, 186), 
(4, 186), 
(2, 186), 
(2, 187), 
(4, 187), 
(2, 187), 
(3, 188), 
(4, 188), 
(1, 188), 
(3, 189), 
(2, 189), 
(4, 189), 
(2, 190), 
(1, 190), 
(1, 190), 
(3, 191), 
(3, 191), 
(3, 191), 
(2, 192), 
(3, 192), 
(1, 192), 
(1, 193), 
(4, 193), 
(1, 193), 
(3, 194), 
(2, 194), 
(4, 194), 
(3, 195), 
(2, 195), 
(1, 195), 
(4, 196), 
(4, 196), 
(2, 196), 
(2, 197), 
(2, 197), 
(1, 197), 
(2, 198), 
(4, 198), 
(4, 198), 
(1, 199), 
(1, 199), 
(2, 199), 
(2, 200), 
(2, 200), 
(4, 200); 



INSERT INTO public.servicio_detalle(
"idServicio", "idDetalle")
VALUES (1, 1), 
(4, 1), 
(4, 1), 
(4, 1), 
(3, 2), 
(1, 2), 
(1, 2), 
(2, 2), 
(4, 3), 
(2, 3), 
(1, 3), 
(1, 3), 
(4, 4), 
(4, 4), 
(1, 4), 
(4, 4), 
(3, 5), 
(4, 5), 
(1, 5), 
(1, 5), 
(3, 6), 
(1, 6), 
(2, 6), 
(1, 6), 
(3, 7), 
(1, 7), 
(2, 7), 
(1, 7), 
(4, 8), 
(3, 8), 
(2, 8), 
(2, 8), 
(2, 9), 
(3, 9), 
(2, 9), 
(2, 9), 
(4, 10), 
(1, 10), 
(4, 10), 
(2, 10), 
(4, 11), 
(4, 11), 
(4, 11), 
(3, 11), 
(2, 12), 
(4, 12), 
(4, 12), 
(4, 12), 
(2, 13), 
(3, 13), 
(2, 13), 
(1, 13), 
(4, 14), 
(3, 14), 
(4, 14), 
(2, 14), 
(3, 15), 
(2, 15), 
(3, 15), 
(1, 15), 
(4, 16), 
(3, 16), 
(4, 16), 
(1, 16), 
(3, 17), 
(2, 17), 
(3, 17), 
(3, 17), 
(1, 18), 
(3, 18), 
(1, 18), 
(4, 18), 
(3, 19), 
(3, 19), 
(4, 19), 
(3, 19), 
(2, 20), 
(3, 20), 
(4, 20), 
(2, 20), 
(1, 21), 
(1, 21), 
(4, 21), 
(4, 21), 
(4, 22), 
(3, 22), 
(2, 22), 
(2, 22), 
(2, 23), 
(1, 23), 
(2, 23), 
(3, 23), 
(1, 24), 
(3, 24), 
(4, 24), 
(2, 24), 
(1, 25), 
(3, 25), 
(1, 25), 
(3, 25), 
(4, 26), 
(2, 26), 
(2, 26), 
(3, 26), 
(3, 27), 
(2, 27), 
(2, 27), 
(2, 27), 
(4, 28), 
(3, 28), 
(3, 28), 
(4, 28), 
(4, 29), 
(3, 29), 
(1, 29), 
(2, 29), 
(1, 30), 
(1, 30), 
(2, 30), 
(3, 30), 
(1, 31), 
(4, 31), 
(4, 31), 
(1, 31), 
(2, 32), 
(2, 32), 
(2, 32), 
(2, 32), 
(3, 33), 
(3, 33), 
(1, 33), 
(2, 33), 
(1, 34), 
(2, 34), 
(1, 34), 
(3, 34), 
(3, 35), 
(3, 35), 
(4, 35), 
(2, 35), 
(2, 36), 
(1, 36), 
(2, 36), 
(2, 36), 
(2, 37), 
(4, 37), 
(3, 37), 
(4, 37), 
(3, 38), 
(4, 38), 
(4, 38), 
(1, 38), 
(2, 39), 
(1, 39), 
(3, 39), 
(3, 39), 
(3, 40), 
(1, 40), 
(3, 40), 
(4, 40), 
(2, 41), 
(2, 41), 
(2, 41), 
(4, 41), 
(1, 42), 
(1, 42), 
(1, 42), 
(3, 42), 
(4, 43), 
(3, 43), 
(2, 43), 
(2, 43), 
(3, 44), 
(4, 44), 
(1, 44), 
(4, 44), 
(2, 45), 
(3, 45), 
(3, 45), 
(1, 45), 
(4, 46), 
(2, 46), 
(3, 46), 
(1, 46), 
(1, 47), 
(1, 47), 
(2, 47), 
(3, 47), 
(4, 48), 
(4, 48), 
(3, 48), 
(2, 48), 
(1, 49), 
(3, 49), 
(4, 49), 
(1, 49), 
(3, 50), 
(4, 50), 
(1, 50), 
(3, 50), 
(4, 51), 
(1, 51), 
(1, 51), 
(3, 51), 
(2, 52), 
(1, 52), 
(4, 52), 
(1, 52), 
(1, 53), 
(3, 53), 
(3, 53), 
(3, 53), 
(3, 54), 
(1, 54), 
(3, 54), 
(1, 54), 
(2, 55), 
(2, 55), 
(3, 55), 
(2, 55), 
(2, 56), 
(1, 56), 
(2, 56), 
(2, 56), 
(1, 57), 
(2, 57), 
(4, 57), 
(4, 57), 
(1, 58), 
(1, 58), 
(3, 58), 
(1, 58), 
(2, 59), 
(1, 59), 
(4, 59), 
(2, 59), 
(4, 60), 
(4, 60), 
(3, 60), 
(3, 60), 
(3, 61), 
(4, 61), 
(4, 61), 
(3, 61), 
(2, 62), 
(3, 62), 
(2, 62), 
(4, 62), 
(2, 63), 
(2, 63), 
(2, 63), 
(1, 63), 
(2, 64), 
(3, 64), 
(1, 64), 
(2, 64), 
(2, 65), 
(4, 65), 
(3, 65), 
(3, 65), 
(1, 66), 
(4, 66), 
(3, 66), 
(4, 66), 
(1, 67), 
(1, 67), 
(4, 67), 
(2, 67), 
(3, 68), 
(3, 68), 
(2, 68), 
(1, 68), 
(4, 69), 
(2, 69), 
(3, 69), 
(1, 69), 
(1, 70), 
(2, 70), 
(4, 70), 
(1, 70), 
(3, 71), 
(3, 71), 
(3, 71), 
(4, 71), 
(3, 72), 
(1, 72), 
(2, 72), 
(1, 72), 
(1, 73), 
(2, 73), 
(1, 73), 
(4, 73), 
(3, 74), 
(3, 74), 
(1, 74), 
(3, 74), 
(2, 75), 
(1, 75), 
(3, 75), 
(2, 75), 
(3, 76), 
(2, 76), 
(2, 76), 
(3, 76), 
(4, 77), 
(3, 77), 
(2, 77), 
(3, 77), 
(1, 78), 
(4, 78), 
(3, 78), 
(1, 78), 
(4, 79), 
(2, 79), 
(2, 79), 
(1, 79), 
(4, 80), 
(2, 80), 
(1, 80), 
(3, 80), 
(3, 81), 
(4, 81), 
(2, 81), 
(2, 81), 
(1, 82), 
(1, 82), 
(4, 82), 
(2, 82), 
(3, 83), 
(4, 83), 
(1, 83), 
(3, 83), 
(2, 84), 
(4, 84), 
(2, 84), 
(2, 84), 
(4, 85), 
(4, 85), 
(1, 85), 
(2, 85), 
(1, 86), 
(2, 86), 
(4, 86), 
(1, 86), 
(1, 87), 
(3, 87), 
(2, 87), 
(4, 87), 
(4, 88), 
(3, 88), 
(1, 88), 
(4, 88), 
(2, 89), 
(4, 89), 
(1, 89), 
(1, 89), 
(4, 90), 
(1, 90), 
(4, 90), 
(4, 90), 
(4, 91), 
(3, 91), 
(2, 91), 
(2, 91), 
(2, 92), 
(4, 92), 
(1, 92), 
(1, 92), 
(2, 93), 
(3, 93), 
(3, 93), 
(1, 93), 
(4, 94), 
(2, 94), 
(4, 94), 
(2, 94), 
(2, 95), 
(4, 95), 
(3, 95), 
(1, 95), 
(1, 96), 
(1, 96), 
(2, 96), 
(3, 96), 
(2, 97), 
(1, 97), 
(2, 97), 
(4, 97), 
(3, 98), 
(1, 98), 
(1, 98), 
(3, 98), 
(2, 99), 
(2, 99), 
(4, 99), 
(4, 99), 
(3, 100), 
(3, 100), 
(1, 100), 
(2, 100), 
(3, 101), 
(2, 101), 
(3, 101), 
(3, 101), 
(1, 102), 
(2, 102), 
(3, 102), 
(2, 102), 
(3, 103), 
(3, 103), 
(3, 103), 
(2, 103), 
(3, 104), 
(2, 104), 
(1, 104), 
(4, 104), 
(3, 105), 
(2, 105), 
(2, 105), 
(2, 105), 
(1, 106), 
(3, 106), 
(1, 106), 
(4, 106), 
(1, 107), 
(3, 107), 
(1, 107), 
(3, 107), 
(4, 108), 
(1, 108), 
(1, 108), 
(3, 108), 
(2, 109), 
(2, 109), 
(2, 109), 
(1, 109), 
(4, 110), 
(3, 110), 
(3, 110), 
(3, 110), 
(4, 111), 
(1, 111), 
(1, 111), 
(3, 111), 
(1, 112), 
(3, 112), 
(3, 112), 
(4, 112), 
(2, 113), 
(4, 113), 
(4, 113), 
(3, 113), 
(2, 114), 
(1, 114), 
(4, 114), 
(4, 114), 
(1, 115), 
(1, 115), 
(2, 115), 
(2, 115), 
(1, 116), 
(2, 116), 
(4, 116), 
(3, 116), 
(3, 117), 
(2, 117), 
(2, 117), 
(1, 117), 
(4, 118), 
(2, 118), 
(3, 118), 
(2, 118), 
(4, 119), 
(3, 119), 
(4, 119), 
(1, 119), 
(2, 120), 
(4, 120), 
(1, 120), 
(3, 120), 
(3, 121), 
(4, 121), 
(1, 121), 
(2, 121), 
(3, 122), 
(1, 122), 
(4, 122), 
(1, 122), 
(1, 123), 
(1, 123), 
(2, 123), 
(2, 123), 
(4, 124), 
(4, 124), 
(1, 124), 
(3, 124), 
(4, 125), 
(4, 125), 
(4, 125), 
(2, 125), 
(2, 126), 
(2, 126), 
(4, 126), 
(1, 126), 
(2, 127), 
(1, 127), 
(2, 127), 
(4, 127), 
(3, 128), 
(2, 128), 
(2, 128), 
(2, 128), 
(3, 129), 
(1, 129), 
(4, 129), 
(3, 129), 
(1, 130), 
(2, 130), 
(1, 130), 
(1, 130), 
(1, 131), 
(3, 131), 
(1, 131), 
(4, 131), 
(3, 132), 
(4, 132), 
(2, 132), 
(4, 132), 
(4, 133), 
(3, 133), 
(2, 133), 
(1, 133), 
(1, 134), 
(3, 134), 
(3, 134), 
(4, 134), 
(4, 135), 
(2, 135), 
(1, 135), 
(2, 135), 
(3, 136), 
(3, 136), 
(4, 136), 
(1, 136), 
(4, 137), 
(4, 137), 
(1, 137), 
(1, 137), 
(4, 138), 
(1, 138), 
(1, 138), 
(3, 138), 
(4, 139), 
(1, 139), 
(1, 139), 
(4, 139), 
(4, 140), 
(3, 140), 
(4, 140), 
(3, 140), 
(1, 141), 
(3, 141), 
(1, 141), 
(3, 141), 
(3, 142), 
(3, 142), 
(4, 142), 
(4, 142), 
(4, 143), 
(2, 143), 
(4, 143), 
(2, 143), 
(1, 144), 
(1, 144), 
(2, 144), 
(1, 144), 
(2, 145), 
(3, 145), 
(3, 145), 
(4, 145), 
(3, 146), 
(2, 146), 
(1, 146), 
(4, 146), 
(2, 147), 
(2, 147), 
(2, 147), 
(3, 147), 
(2, 148), 
(3, 148), 
(1, 148), 
(4, 148), 
(3, 149), 
(3, 149), 
(3, 149), 
(2, 149), 
(2, 150), 
(4, 150), 
(2, 150), 
(4, 150), 
(4, 151), 
(2, 151), 
(4, 151), 
(1, 151), 
(4, 152), 
(3, 152), 
(1, 152), 
(2, 152), 
(1, 153), 
(2, 153), 
(4, 153), 
(2, 153), 
(4, 154), 
(3, 154), 
(2, 154), 
(1, 154), 
(2, 155), 
(3, 155), 
(4, 155), 
(4, 155), 
(4, 156), 
(3, 156), 
(3, 156), 
(2, 156), 
(1, 157), 
(3, 157), 
(2, 157), 
(4, 157), 
(2, 158), 
(4, 158), 
(4, 158), 
(4, 158), 
(1, 159), 
(3, 159), 
(4, 159), 
(2, 159), 
(3, 160), 
(2, 160), 
(2, 160), 
(4, 160), 
(4, 161), 
(2, 161), 
(3, 161), 
(3, 161), 
(4, 162), 
(1, 162), 
(2, 162), 
(2, 162), 
(3, 163), 
(1, 163), 
(4, 163), 
(4, 163), 
(2, 164), 
(2, 164), 
(3, 164), 
(2, 164), 
(1, 165), 
(3, 165), 
(2, 165), 
(3, 165), 
(2, 166), 
(2, 166), 
(4, 166), 
(2, 166), 
(1, 167), 
(1, 167), 
(4, 167), 
(1, 167), 
(1, 168), 
(3, 168), 
(2, 168), 
(2, 168), 
(2, 169), 
(4, 169), 
(3, 169), 
(4, 169), 
(3, 170), 
(2, 170), 
(1, 170), 
(2, 170), 
(2, 171), 
(1, 171), 
(3, 171), 
(4, 171), 
(3, 172), 
(4, 172), 
(1, 172), 
(1, 172), 
(2, 173), 
(1, 173), 
(3, 173), 
(3, 173), 
(2, 174), 
(1, 174), 
(3, 174), 
(2, 174), 
(4, 175), 
(1, 175), 
(1, 175), 
(4, 175), 
(1, 176), 
(4, 176), 
(4, 176), 
(4, 176), 
(3, 177), 
(1, 177), 
(2, 177), 
(2, 177), 
(3, 178), 
(4, 178), 
(4, 178), 
(4, 178), 
(4, 179), 
(4, 179), 
(1, 179), 
(4, 179), 
(2, 180), 
(3, 180), 
(2, 180), 
(2, 180), 
(1, 181), 
(1, 181), 
(3, 181), 
(1, 181), 
(2, 182), 
(3, 182), 
(1, 182), 
(3, 182), 
(4, 183), 
(2, 183), 
(1, 183), 
(3, 183), 
(2, 184), 
(1, 184), 
(2, 184), 
(3, 184), 
(2, 185), 
(2, 185), 
(4, 185), 
(3, 185), 
(1, 186), 
(2, 186), 
(1, 186), 
(4, 186), 
(2, 187), 
(1, 187), 
(3, 187), 
(3, 187), 
(4, 188), 
(2, 188), 
(3, 188), 
(4, 188), 
(3, 189), 
(2, 189), 
(1, 189), 
(2, 189), 
(1, 190), 
(4, 190), 
(1, 190), 
(4, 190), 
(2, 191), 
(2, 191), 
(3, 191), 
(1, 191), 
(1, 192), 
(4, 192), 
(4, 192), 
(3, 192), 
(2, 193), 
(1, 193), 
(1, 193), 
(2, 193), 
(3, 194), 
(2, 194), 
(1, 194), 
(1, 194), 
(2, 195), 
(1, 195), 
(2, 195), 
(4, 195), 
(1, 196), 
(1, 196), 
(2, 196), 
(2, 196), 
(1, 197), 
(1, 197), 
(3, 197), 
(1, 197), 
(2, 198), 
(2, 198), 
(1, 198), 
(4, 198), 
(2, 199), 
(2, 199), 
(2, 199), 
(2, 199), 
(3, 200), 
(1, 200), 
(4, 200), 
(1, 200); 



INSERT INTO public.precio(
id, monto)
VALUES (1, 2000), 
(2, 2500), 
(3, 3000), 
(4, 3500), 
(5, 4000), 
(6, 4500), 
(7, 5000), 
(8, 5500), 
(9, 6000), 
(10, 6500), 
(11, 7000), 
(12, 7500), 
(13, 8000), 
(14, 8500), 
(15, 9000); 



INSERT INTO public.servicio_precio(
"idPrecio", "idServicio", "idPeluqueria")
VALUES (4, 1, 1), 
(2, 2, 1), 
(12, 3, 1), 
(3, 4, 1), 
(13, 5, 1), 
(13, 1, 2), 
(2, 2, 2), 
(1, 3, 2), 
(8, 4, 2), 
(2, 5, 2), 
(1, 1, 3), 
(1, 2, 3), 
(5, 3, 3), 
(2, 4, 3), 
(13, 5, 3), 
(1, 1, 4), 
(9, 2, 4), 
(15, 3, 4), 
(8, 4, 4), 
(13, 5, 4), 
(12, 1, 5), 
(3, 2, 5), 
(6, 3, 5), 
(4, 4, 5), 
(4, 5, 5), 
(11, 1, 6), 
(8, 2, 6), 
(8, 3, 6), 
(5, 4, 6), 
(7, 5, 6), 
(11, 1, 7), 
(6, 2, 7), 
(10, 3, 7), 
(14, 4, 7), 
(6, 5, 7), 
(14, 1, 8), 
(9, 2, 8), 
(8, 3, 8), 
(15, 4, 8), 
(1, 5, 8), 
(14, 1, 9), 
(4, 2, 9), 
(13, 3, 9), 
(13, 4, 9), 
(1, 5, 9), 
(12, 1, 10), 
(3, 2, 10), 
(1, 3, 10), 
(9, 4, 10), 
(10, 5, 10), 
(9, 1, 11), 
(15, 2, 11), 
(9, 3, 11), 
(4, 4, 11), 
(2, 5, 11), 
(15, 1, 12), 
(2, 2, 12), 
(7, 3, 12), 
(13, 4, 12), 
(4, 5, 12), 
(10, 1, 13), 
(1, 2, 13), 
(8, 3, 13), 
(13, 4, 13), 
(13, 5, 13), 
(1, 1, 14), 
(7, 2, 14), 
(10, 3, 14), 
(13, 4, 14), 
(5, 5, 14), 
(8, 1, 15), 
(5, 2, 15), 
(1, 3, 15), 
(12, 4, 15), 
(3, 5, 15), 
(12, 1, 16), 
(8, 2, 16), 
(5, 3, 16), 
(8, 4, 16), 
(13, 5, 16), 
(3, 1, 17), 
(2, 2, 17), 
(15, 3, 17), 
(9, 4, 17), 
(14, 5, 17), 
(11, 1, 18), 
(6, 2, 18), 
(14, 3, 18), 
(2, 4, 18), 
(1, 5, 18), 
(10, 1, 19), 
(3, 2, 19), 
(7, 3, 19), 
(2, 4, 19), 
(5, 5, 19), 
(5, 1, 20), 
(7, 2, 20), 
(5, 3, 20), 
(4, 4, 20), 
(9, 5, 20), 
(14, 1, 21), 
(9, 2, 21), 
(5, 3, 21), 
(6, 4, 21), 
(6, 5, 21), 
(7, 1, 22), 
(12, 2, 22), 
(5, 3, 22), 
(6, 4, 22), 
(5, 5, 22), 
(12, 1, 23), 
(13, 2, 23), 
(1, 3, 23), 
(11, 4, 23), 
(10, 5, 23), 
(9, 1, 24), 
(15, 2, 24), 
(13, 3, 24), 
(5, 4, 24), 
(6, 5, 24), 
(10, 1, 25), 
(8, 2, 25), 
(3, 3, 25), 
(14, 4, 25), 
(15, 5, 25);